﻿A_Entity, Parent, Alias: Default, UUID, Operation
A_PL,A_Entity,普乐师（上海）数字科技股份有限公司,a3c795d4-17ea-406b-92f6-49e7bffbac2b,
A_MH,A_Entity,上海明酷商务咨询有限公司,2c0940e2-ec13-4acf-bd7e-bc7124d67119,
A_RC,A_Entity,若胜市场营销策划（上海）有限公司,cc41872e-0099-4bb7-9c85-a2c8efea9556,
A_WI,A_Entity,上海赢迪市场营销服务有限公司,df91189f-cd35-43d3-8956-5908d8b8ded7,
A_WS,A_Entity,上海赢迪营销服务有限公司,6e734ab9-f40e-4b6c-a523-8befd77fefdb,
A_HV,A_Entity,上海翰为市场营销策划有限公司,058fe782-fcfd-4712-9c4c-bcc926cb3e4c,
A_MS,A_Entity,上海明酷营销服务有限公司,4effe47c-6e04-46e0-bfef-a5ec4f30ce2c,
A_ICG,A_Entity,广州策码信息技术咨询有限公司,a7652b8f-69b0-487d-a160-a75d85e09446,
