﻿Version, Parent, Alias: Default, Data Storage, Two Pass Calculation, Description, Formula, Formula Description, UDA, Smart List, Data Type, Hierarchy Type, Enable for Dynamic Children, Number of Possible Dynamic Children, Access Granted to Member Creator, Allow Upper Level Entity Input, Process Management Enabled, UUID, Version Type, Aggregation (Project), Data Storage (Project), Formula (Project), Formula Description (Project), Aggregation (Plus), Data Storage (Plus), Formula (Plus), Solve Order (Plus), Formula Description (Plus), Operation
NoVersion,Version,不分版本,never share,false,,<none>,<none>,,,unspecified,none,,,,false,true,9cf9bb5b-7241-4a3c-b7dc-1fd7c955cbcf,bottom up,+,never share,<none>,,+,never share,<none>,0,,
VE01,Version,版本合计,dynamic calc,false,,<none>,<none>,,,unspecified,none,,,,false,true,05908c3f-e1d7-44ec-85a6-6fb0a40aee19,bottom up,+,dynamic calc,<none>,,+,dynamic calc,<none>,0,,
VE0101,VE01,初始,never share,false,,<none>,<none>,,,unspecified,none,,,,false,true,e4414eb1-0c00-40f4-ba7b-791da7407f26,bottom up,+,never share,<none>,,+,never share,<none>,0,,
VE0102,VE01,追加,dynamic calc,false,,<none>,<none>,,,unspecified,none,,,,false,true,00b76771-3288-411c-a6ed-2add477816d9,bottom up,+,dynamic calc,<none>,,+,dynamic calc,<none>,0,,
VE010201,VE0102,追加1,never share,false,,<none>,<none>,,,unspecified,none,,,,false,true,d9609a71-834d-486b-97a7-3b01c4e8f183,bottom up,+,never share,<none>,,+,never share,<none>,0,,
VE010202,VE0102,追加2,never share,false,,<none>,<none>,,,unspecified,none,,,,false,true,93009685-da20-4b8f-a7bc-be3dab96c8c8,bottom up,+,never share,<none>,,+,never share,<none>,0,,
VE010203,VE0102,追加3,never share,false,,<none>,<none>,,,unspecified,none,,,,false,true,95ae0564-83b7-495b-9348-a7420b7eba5b,bottom up,+,never share,<none>,,+,never share,<none>,0,,
VE010204,VE0102,追加4,never share,false,,<none>,<none>,,,unspecified,none,,,,false,true,64233ea6-3b52-46fa-a5c7-a7635f6bb9e3,bottom up,+,never share,<none>,,+,never share,<none>,0,,
VE010205,VE0102,追加5,never share,false,,<none>,<none>,,,unspecified,none,,,,false,true,bf9a5e51-4a35-499f-a87d-b3abe52ecb96,bottom up,+,never share,<none>,,+,never share,<none>,0,,
VE010206,VE0102,追加6,never share,false,,<none>,<none>,,,unspecified,none,,,,false,true,0a223fcf-9f16-4c12-bb2a-963f208cbbd5,bottom up,+,never share,<none>,,+,never share,<none>,0,,
VE010207,VE0102,追加7,never share,false,,<none>,<none>,,,unspecified,none,,,,false,true,f53a80aa-46e5-49bf-9f82-b8f5952e711a,bottom up,+,never share,<none>,,+,never share,<none>,0,,
VE010208,VE0102,追加8,never share,false,,<none>,<none>,,,unspecified,none,,,,false,true,72227be8-ece4-4396-92bb-d1f625297920,bottom up,+,never share,<none>,,+,never share,<none>,0,,
VE010209,VE0102,追加9,never share,false,,<none>,<none>,,,unspecified,none,,,,false,true,e6a62f3e-4c0e-4d6b-85e0-6e30fce0a357,bottom up,+,never share,<none>,,+,never share,<none>,0,,
VE010210,VE0102,追加10,never share,false,,<none>,<none>,,,unspecified,none,,,,false,true,cb34fd2b-3615-4dc4-93e8-0fd13f7ad7c1,bottom up,+,never share,<none>,,+,never share,<none>,0,,
VE010211,VE0102,追加11,never share,false,,<none>,<none>,,,unspecified,none,,,,false,true,7a46180f-793d-4748-82ac-a346c3457e2f,bottom up,+,never share,<none>,,+,never share,<none>,0,,
VE010212,VE0102,追加12,never share,false,,<none>,<none>,,,unspecified,none,,,,false,true,1b2818df-d9d8-4ece-81b0-4bd5636e0227,bottom up,+,never share,<none>,,+,never share,<none>,0,,
VE010213,VE0102,追加13,never share,false,,<none>,<none>,,,unspecified,none,,,,false,true,3e16aea5-1ef6-40f5-9f9f-6ed6762fb792,bottom up,+,never share,<none>,,+,never share,<none>,0,,
VE010214,VE0102,追加14,never share,false,,<none>,<none>,,,unspecified,none,,,,false,true,76516b05-df27-41c2-8faf-e0b5e40693bf,bottom up,+,never share,<none>,,+,never share,<none>,0,,
VE010215,VE0102,追加15,never share,false,,<none>,<none>,,,unspecified,none,,,,false,true,295951bc-cd5c-4e67-a76e-180cad1ebd05,bottom up,+,never share,<none>,,+,never share,<none>,0,,
VE010216,VE0102,追加16,never share,false,,<none>,<none>,,,unspecified,none,,,,false,true,fac95ef6-a77a-4337-ad73-3a58f06d5dd2,bottom up,+,never share,<none>,,+,never share,<none>,0,,
VE010217,VE0102,追加17,never share,false,,<none>,<none>,,,unspecified,none,,,,false,true,1fa6d32e-9921-4d37-ab5b-c05c8b8620a7,bottom up,+,never share,<none>,,+,never share,<none>,0,,
VE010218,VE0102,追加18,never share,false,,<none>,<none>,,,unspecified,none,,,,false,true,1733d250-e781-4abc-b3c6-8220c84cbec8,bottom up,+,never share,<none>,,+,never share,<none>,0,,
VE010219,VE0102,追加19,never share,false,,<none>,<none>,,,unspecified,none,,,,false,true,5fe1de13-2ff6-4ec1-b51a-a566a971c760,bottom up,+,never share,<none>,,+,never share,<none>,0,,
VE010220,VE0102,追加20,never share,false,,<none>,<none>,,,unspecified,none,,,,false,true,0c0fe2e8-f1dc-4fec-9678-d7e8268a9b5b,bottom up,+,never share,<none>,,+,never share,<none>,0,,
VE0103,VE01,结算,never share,false,,<none>,<none>,,,unspecified,none,,,,false,true,4fd92935-dad8-4312-9faf-df5f685b4944,bottom up,+,never share,<none>,,+,never share,<none>,0,,
VE0104,VE01,关帐,never share,false,,<none>,<none>,,,unspecified,none,,,,false,true,4d120f67-64dc-49b3-a5c3-1e8782b5c3c6,bottom up,+,never share,<none>,,+,never share,<none>,0,,
VE02,Version,报销,never share,false,含暂支,<none>,<none>,,,unspecified,none,,,,false,true,fe0b15d2-dda9-4475-a262-bfb5c05e067e,bottom up,+,never share,<none>,,+,never share,<none>,0,,
VE03,Version,说明,never share,false,含暂支,<none>,<none>,,,text,none,,,,false,true,90010ae0-0f88-43da-a326-644670b134dc,bottom up,never,never share,<none>,,+,never share,<none>,0,,
VE04,Version,版本合计（审核）,dynamic calc,false,,<none>,<none>,,,unspecified,none,,,,false,true,c2424e6e-959e-4f6b-b601-453899aa6c26,bottom up,+,dynamic calc,<none>,,+,dynamic calc,<none>,0,,
VE0401,VE04,初始（审核）,store,false,,<none>,<none>,,,unspecified,none,,,,false,true,9e975013-8310-4894-948e-a655783fac79,bottom up,+,store,<none>,,+,store,<none>,0,,
VE0402,VE04,追加（审核）,dynamic calc,false,,<none>,<none>,,,unspecified,none,,,,false,true,41d3e93b-e365-4c5c-be4b-8c671c1b6a38,bottom up,+,dynamic calc,<none>,,+,dynamic calc,<none>,0,,
VE040201,VE0402,追加1（审核）,never share,false,,<none>,<none>,,,unspecified,none,,,,false,true,b20abd59-ecc6-45d1-9864-f5ba08ede3e4,bottom up,+,never share,<none>,,+,never share,<none>,0,,
VE040202,VE0402,追加2（审核）,never share,false,,<none>,<none>,,,unspecified,none,,,,false,true,04740b6b-2c86-4c02-8188-b002c4aa8a03,bottom up,+,never share,<none>,,+,never share,<none>,0,,
VE040203,VE0402,追加3（审核）,never share,false,,<none>,<none>,,,unspecified,none,,,,false,true,87b56f46-1379-4509-8a49-82e7bbe7a584,bottom up,+,never share,<none>,,+,never share,<none>,0,,
VE040204,VE0402,追加4（审核）,never share,false,,<none>,<none>,,,unspecified,none,,,,false,true,2ab40d89-9b29-4e54-90a6-29b2d997ff62,bottom up,+,never share,<none>,,+,never share,<none>,0,,
VE040205,VE0402,追加5（审核）,never share,false,,<none>,<none>,,,unspecified,none,,,,false,true,3df645dc-4748-4dea-a83a-d7db5ff2ad82,bottom up,+,never share,<none>,,+,never share,<none>,0,,
VE040206,VE0402,追加6（审核）,never share,false,,<none>,<none>,,,unspecified,none,,,,false,true,56c0e76e-c4d7-460c-add5-54f693093f32,bottom up,+,never share,<none>,,+,never share,<none>,0,,
VE040207,VE0402,追加7（审核）,never share,false,,<none>,<none>,,,unspecified,none,,,,false,true,40bf2341-881a-4ae3-ac67-7038cd37236e,bottom up,+,never share,<none>,,+,never share,<none>,0,,
VE040208,VE0402,追加8（审核）,never share,false,,<none>,<none>,,,unspecified,none,,,,false,true,d5ac8877-00df-4e56-9661-f4eb4fdd28b3,bottom up,+,never share,<none>,,+,never share,<none>,0,,
VE040209,VE0402,追加9（审核）,never share,false,,<none>,<none>,,,unspecified,none,,,,false,true,0e4e106b-e49c-4543-b645-1da923f9c1c2,bottom up,+,never share,<none>,,+,never share,<none>,0,,
VE040210,VE0402,追加10（审核）,never share,false,,<none>,<none>,,,unspecified,none,,,,false,true,26357723-d3a5-4739-be95-41a2248138c1,bottom up,+,never share,<none>,,+,never share,<none>,0,,
VE040211,VE0402,追加11（审核）,never share,false,,<none>,<none>,,,unspecified,none,,,,false,true,5624fbe0-c701-41c6-9bfa-c753205559f9,bottom up,+,never share,<none>,,+,never share,<none>,0,,
VE040212,VE0402,追加12（审核）,never share,false,,<none>,<none>,,,unspecified,none,,,,false,true,e553033f-4221-45ac-8c38-7c3507fc03ca,bottom up,+,never share,<none>,,+,never share,<none>,0,,
VE040213,VE0402,追加13（审核）,never share,false,,<none>,<none>,,,unspecified,none,,,,false,true,43d03f07-2a25-4bb0-95a7-a9d77791fa2f,bottom up,+,never share,<none>,,+,never share,<none>,0,,
VE040214,VE0402,追加14（审核）,never share,false,,<none>,<none>,,,unspecified,none,,,,false,true,cc6e4248-f902-4cde-ab9e-0d34c47c0ef3,bottom up,+,never share,<none>,,+,never share,<none>,0,,
VE040215,VE0402,追加15（审核）,never share,false,,<none>,<none>,,,unspecified,none,,,,false,true,395ede60-d4fc-47a3-b7f5-90aac1c082eb,bottom up,+,never share,<none>,,+,never share,<none>,0,,
VE040216,VE0402,追加16（审核）,never share,false,,<none>,<none>,,,unspecified,none,,,,false,true,1354306b-2b8c-4af1-af3b-46e68b778fe7,bottom up,+,never share,<none>,,+,never share,<none>,0,,
VE040217,VE0402,追加17（审核）,never share,false,,<none>,<none>,,,unspecified,none,,,,false,true,79f94da9-c464-447b-a17f-799f488b6bdd,bottom up,+,never share,<none>,,+,never share,<none>,0,,
VE040218,VE0402,追加18（审核）,never share,false,,<none>,<none>,,,unspecified,none,,,,false,true,bf2ea942-f5c0-4895-b173-9285b1cc2351,bottom up,+,never share,<none>,,+,never share,<none>,0,,
VE040219,VE0402,追加19（审核）,never share,false,,<none>,<none>,,,unspecified,none,,,,false,true,d13e0e63-ac97-48d6-baae-844d97fc1ef6,bottom up,+,never share,<none>,,+,never share,<none>,0,,
VE040220,VE0402,追加20（审核）,never share,false,,<none>,<none>,,,unspecified,none,,,,false,true,7312a786-1319-4d56-b1ce-5d760dc63087,bottom up,+,never share,<none>,,+,never share,<none>,0,,
VE0403,VE04,结算（审核）,never share,false,,<none>,<none>,,,unspecified,none,,,,false,true,b348e95d-ce96-4130-ad87-dd10ddb0344c,bottom up,+,never share,<none>,,+,never share,<none>,0,,
VE0404,VE04,关帐（审核）,never share,false,,<none>,<none>,,,unspecified,none,,,,false,true,48e616e5-05e6-4555-b4ce-e3571e4b068d,bottom up,+,never share,<none>,,+,never share,<none>,0,,
VE05,Version,备注,never share,false,,<none>,<none>,,,unspecified,none,,,,false,true,584d43fa-5873-4ad7-aac9-359bae1fb0d0,bottom up,+,never share,<none>,,+,never share,<none>,0,,
