﻿Scenario, Parent, Alias: Default, Data Storage, Two Pass Calculation, Description, Formula, Formula Description, UDA, Smart List, Data Type, Hierarchy Type, Enable for Dynamic Children, Number of Possible Dynamic Children, Access Granted to Member Creator, Allow Upper Level Entity Input, Process Management Enabled, UUID, Start Year, End Year, Start Period, End Period, Include BegBal, Exchange Table, Aggregation (Project), Data Storage (Project), Formula (Project), Formula Description (Project), Aggregation (Plus), Data Storage (Plus), Formula (Plus), Solve Order (Plus), Formula Description (Plus), Operation
NoScenario,Scenario,不分场景,never share,false,,<none>,<none>,,,unspecified,none,,,,false,true,a164f805-ff5c-4199-b956-7ad976e5894d,FY10,FY10,Jan,Dec,false,,+,never share,<none>,,+,never share,<none>,0,,
SC01,Scenario,外报,never share,false,,<none>,<none>,,,unspecified,none,,,,false,true,571d4ade-2971-4b4d-8346-1ab0a16c6726,FY10,FY10,Jan,Dec,false,,+,never share,<none>,,+,never share,<none>,0,,
SC02,Scenario,内报,never share,false,,<none>,<none>,,,unspecified,none,,,,false,true,f55d6bb8-f596-4629-b4dd-3b7aefc7b0dd,FY10,FY10,Jan,Dec,false,,+,never share,<none>,,+,never share,<none>,0,,
SC03,Scenario,预算,never share,false,,<none>,<none>,,,unspecified,none,,,,false,true,a2be87df-1657-4fec-ae26-554cc35209fc,FY10,FY10,Jan,Dec,false,,+,never share,<none>,,+,never share,<none>,0,,
SC04,Scenario,暂支/报销,never share,false,,<none>,<none>,,,unspecified,none,,,,false,true,4a5c661a-dfe7-4400-a774-9dcc8998eb39,FY10,FY10,Jan,Dec,false,,+,never share,<none>,,+,never share,<none>,0,,
SC05,Scenario,差异,label only,false,,<none>,<none>,,,unspecified,none,,,,false,true,50086d02-c094-4a79-a225-6fafb48f460d,FY10,FY10,Jan,Dec,false,,+,label only,<none>,,+,label only,<none>,0,,
SC0501,SC05,内外报差异,dynamic calc,false,,SC01-SC02;,<none>,,,unspecified,none,,,,false,true,dd125519-f282-4c42-8186-46225aecfa89,FY10,FY10,Jan,Dec,false,,+,dynamic calc,<none>,,+,dynamic calc,<none>,0,,
SC0502,SC05,内报预算差异,dynamic calc,false,,SC02-SC03;,<none>,,,unspecified,none,,,,false,true,9a648079-7ce2-4928-973c-d0cfa2e5da09,FY10,FY10,Jan,Dec,false,,+,dynamic calc,<none>,,+,dynamic calc,<none>,0,,
