﻿Datatype, Parent, Alias: Default, Valid For Consolidations, Data Storage, Two Pass Calculation, Description, Formula, Formula Description, UDA, Smart List, Data Type, Hierarchy Type, Enable for Dynamic Children, Number of Possible Dynamic Children, Access Granted to Member Creator, Allow Upper Level Entity Input, Process Management Enabled, UUID, Plan Type (Project), Aggregation (Project), Data Storage (Project), Formula (Project), Formula Description (Project), Plan Type (Plus), Aggregation (Plus), Data Storage (Plus), Formula (Plus), Solve Order (Plus), Formula Description (Plus), Operation
NoDatatype,Datatype,不分数据类型,false,never share,false,,<none>,<none>,,,unspecified,none,,,,false,true,5c271bcb-f678-4c70-8f6b-1d8910322aef,true,+,never share,<none>,,true,+,never share,<none>,0,,
DA01,Datatype,单价,false,never share,false,,<none>,<none>,,,unspecified,none,,,,false,true,74267f02-0380-46db-9d54-505d62bf0737,true,~,never share,<none>,,true,+,never share,<none>,0,,
DA02,Datatype,数量,false,never share,false,,<none>,<none>,,,unspecified,none,,,,false,true,d550bc3f-25bb-4a54-96b4-35130fa6e59c,true,+,never share,<none>,,true,+,never share,<none>,0,,
DA03,Datatype,总价,false,never share,false,,<none>,<none>,,,unspecified,none,,,,false,true,61c5303c-993a-4ada-8065-79ddee5e9deb,true,+,never share,<none>,,true,+,never share,<none>,0,,
DA04,Datatype,平均单价（最近10次项目）.,false,label only,false,,<none>,<none>,,,unspecified,none,,,,false,true,829965f8-d382-4889-a90a-78dfe958b6d9,true,never,label only,<none>,,true,~,label only,<none>,0,,
DA0401,DA04,平均单价（最近10次项目 - 输入）,false,never share,false,,"if(@ISMBR(A07,A13,B04,G01))""DA0401""->""SC03""->""NoVersion""->""NoProject""->""EM_EL""->""NoEntity""->""FY10""->""Jan"";endif;",<none>,,,unspecified,none,,,,false,true,4f31d882-ddb1-4ea1-8d01-242d82b42d16,true,never,never share,<none>,,true,+,never share,<none>,0,,
DA0402,DA04,平均单价（最近10次项目）,false,dynamic calc,false,,"if(@ISMBR(A07,A13,B04,G01))""DA0401""->""SC03""->""NoVersion""->""NoProject""->""EM_EL""->""NoEntity""->""FY10""->""Jan"";endif;",<none>,,,unspecified,none,,,,false,true,2ffa2e6b-c44c-4b3e-996e-c4c47f66e28d,true,+,dynamic calc,<none>,,true,+,dynamic calc,<none>,0,,
DA05,Datatype,报销额度（已使用）,false,dynamic calc,false,,<none>,<none>,,,unspecified,none,,,,false,true,7d80e334-c7f8-43c4-9d84-60ba17687188,true,+,dynamic calc,<none>,,true,+,dynamic calc,<none>,0,,
DA0501,DA05,暂支金额,false,never share,false,,<none>,<none>,,,unspecified,none,,,,false,true,8399b75c-4892-4d8e-8840-634aaf354dd9,true,+,never share,<none>,,true,+,never share,<none>,0,,
DA0502,DA05,报销金额（审批中）,false,never share,false,,<none>,<none>,,,unspecified,none,,,,false,true,5174ef55-319a-49b5-bebf-5680e5338f62,true,+,never share,<none>,,true,+,never share,<none>,0,,
DA0503,DA05,报销金额（已审批）,false,never share,false,,<none>,<none>,,,unspecified,none,,,,false,true,c145e84a-772f-4ad9-bde5-a15884988944,true,+,never share,<none>,,true,+,never share,<none>,0,,
DA06,Datatype,利润率/毛利率,false,dynamic calc,false,,DA0601+DA0602;,<none>,,,percentage,none,,,,false,true,9e2f07ed-e2c2-4605-b2ec-64b905dc64c6,true,never,dynamic calc,<none>,,true,~,dynamic calc,<none>,0,,
DA0601,DA06,利润率,false,dynamic calc,false,,"IF(@ISMBR(@IDESC(""AC0202"")) OR @ISMBR(""AC020413"") AND @ISMBR(""VE01""))
(""SC02""->""DA03""-""SC03""->""DA03"")/""SC02""->""DA03"";
ENDIF;",<none>,,,percentage,none,,,,false,true,385a0cc7-5b8f-4a24-9799-0bfa45f42002,true,+,dynamic calc,<none>,,true,+,dynamic calc,<none>,0,,
DA0602,DA06,毛利率,false,dynamic calc,false,,"IF(@ISMBR(""AC02"") and @ISMBR(""VE01""))
(""SC02""->""DA03""-""SC03""->""DA03"")/""SC02""->""DA03"";
ENDIF;",<none>,,,percentage,none,,,,false,true,45ac47fa-4caa-43ff-985d-60369deb5f85,true,+,dynamic calc,<none>,,true,+,dynamic calc,<none>,0,,
DA0603,DA06,指导毛利率,false,never share,false,,<none>,<none>,,,percentage,none,,,,false,true,45251fd8-8d97-42aa-a40f-1ea6a2d73271,true,never,never share,<none>,,true,+,never share,<none>,0,,
DA0604,DA06,本年同类项目平均毛利率,false,dynamic calc,false,,"1-@member(@Substring(@NAME(@ATTRIBUTESVAL(A_ProjectType)),2,100))->""VE01""->""Misc""->""Stores""->""Area""->""NoEntity""->""YearTotal""->SC03/@member(@Substring(@NAME(@ATTRIBUTESVAL(A_ProjectType)),2,100))->""VE01""->""Misc""->""Stores""->""Area""->""NoEntity""->""YearTotal""->SC02;",<none>,,,percentage,none,,,,false,true,6f216271-ff24-4afd-a362-1d43ae0f9ae9,true,never,dynamic calc,<none>,,true,+,dynamic calc,<none>,0,,
DA07,Datatype,参考单价（运输费）,false,dynamic calc,false,,"if(@ISMBR(A0701,A0702,A0703,A1301,A1302,A1303))""DA01""->""NoProject""->""SC03""->""NoVersion""->""EM_EL""->""NoEntity""->""FY10""->""Jan"";endif;",<none>,,,unspecified,none,,,,false,true,aa265516-d5fa-4400-a4a3-a48a7d523c1e,true,+,dynamic calc,<none>,,true,+,dynamic calc,<none>,0,,
DA08,Datatype,店内长促、短促项目,false,never share,false,,<none>,<none>,,,unspecified,none,,,,false,true,a223cc0c-fbf1-48f1-b22a-8af4b7a7e065,true,never,never share,<none>,,true,~,never share,<none>,0,,
DA09,Datatype,其他（除店内长促、短促外所有）项目,false,never share,false,,<none>,<none>,,,unspecified,none,,,,false,true,ca777777-5aa7-4ae2-9614-a718fc511462,true,never,never share,<none>,,true,~,never share,<none>,0,,
DA10,Datatype,占比,false,dynamic calc,false,,"IF(@ISMBR(@IDESC(""AC0202"")) AND @ISMBR(""VE01"") AND @ISMBR(""SC03""))
	""DA03""/""DA03""->""AC0202"";
ENDIF;",<none>,,,percentage,none,,,,false,true,c3bc5021-1ba7-4a71-91b4-503be69a0950,true,+,dynamic calc,<none>,,true,+,dynamic calc,<none>,0,,
