﻿A_StartMonth, Parent, Alias: Default, UUID, Operation
A_Jan,A_StartMonth,,317ae92f-cf57-4ad0-8179-da440c1f486d,
A_Feb,A_StartMonth,,b5c8421c-20f3-4e05-97cb-22048e1a875c,
A_Mar,A_StartMonth,,f6cc5747-b96d-4418-86ce-9307abfdb037,
A_Apr,A_StartMonth,,aa28f806-73d5-4d6b-bef1-c5f3671d82e8,
A_May,A_StartMonth,,fa45e757-aa8b-4c75-a5b4-76605b0047bd,
A_Jun,A_StartMonth,,6df26796-6abb-4410-8785-34c266813856,
A_Jul,A_StartMonth,,4f262bba-ea12-48cc-afbb-b9a0272af067,
A_Aug,A_StartMonth,,ebb79b93-7c31-434f-aa73-4eb068e49512,
A_Sep,A_StartMonth,,6a37fff0-f0fb-4bcb-b931-3e29034bcf88,
A_Oct,A_StartMonth,,fa961c9c-67a7-4f99-8864-20a30a0bddfc,
A_Nov,A_StartMonth,,2b597aec-294f-4a23-8835-95706332501b,
A_Dec,A_StartMonth,,a753e296-85da-4451-a21a-63b886a54a09,
