﻿A_StartYear, Parent, Alias: Default, UUID, Operation
A_FY15,A_StartYear,,e929df48-44a0-4ebd-9ef4-ca07b6f66116,
A_FY16,A_StartYear,,f1e9fea5-faf6-419c-96d9-c715e07b291d,
A_FY17,A_StartYear,,be863e24-8be8-4913-a187-1e9045050a63,
A_FY18,A_StartYear,,bff42a6e-aedc-44e4-b61e-9651eae2185e,
A_FY19,A_StartYear,,2af46269-05fb-4963-8c7e-24c3b8c9f3e0,
A_FY20,A_StartYear,,be335e59-ed1d-4ce2-ac90-21c739cb3e6f,
A_FY21,A_StartYear,,5c526d08-7408-46d7-a630-328ba0ebb3b6,
A_FY22,A_StartYear,,d7899237-cc20-4ac3-a084-b421cb7f0c46,
A_FY23,A_StartYear,,ee2f261b-1656-4874-8e12-a7ab7d911512,
A_FY24,A_StartYear,,14bae625-0e48-4b20-a16e-461f8f8a8a4b,
A_FY25,A_StartYear,,b06d9792-6e37-4abe-9011-cc13c55ca1e3,
A_FY26,A_StartYear,,f617fc64-4b5e-4161-9998-5a166b2601fa,
A_FY27,A_StartYear,,ae461180-7364-478c-a06a-bf8088583db5,
A_FY28,A_StartYear,,e6c86d8a-49b2-4490-ac5f-1218bd298a3d,
A_FY29,A_StartYear,,5dc315d5-c421-4756-8c89-c1533f2e21a3,
A_FY30,A_StartYear,,0d8670de-6069-404a-ad52-c5d31671f183,
A_FY31,A_StartYear,,dea9a181-2624-40b9-b0b4-668710ba3364,
A_FY32,A_StartYear,,d900608b-5faf-4d92-906e-d3f7f3b8807f,
A_FY33,A_StartYear,,170288af-9095-473e-b51d-dc4f3a4ba125,
A_FY34,A_StartYear,,6d1598b0-d0da-4f9e-8328-7a253c81ed7f,
A_FY35,A_StartYear,,e16bc7ce-7c9c-4db4-8f0a-2fd16103ff6c,
