﻿A_Customer, Parent, Alias: Default, UUID, Operation
A_CU01,A_Customer,客户1,e3677131-d0e1-4498-b1a2-934ab511cc51,
A_CU02,A_Customer,客户2,8b4bb2ae-2473-4e80-a706-f24dbcfd3057,
A_ABH,A_Customer,雅培,d0248797-ea71-4c11-87aa-7970036e56cd,
A_ACH,A_Customer,恒天然安佳,7887fa9f-82b5-49d3-9c8e-9d92c27e05ac,
A_AFH,A_Customer,阿拉福兹食品有限公司,bbec74e2-28af-4850-9c03-1d9ffb1708b4,
A_AKH,A_Customer,万科,55ae85a2-2c21-405c-902d-ae4a651f95a7,
A_ALH,A_Customer,爱尔康,138bc688-91b5-4c43-b764-3bfce552b68f,
A_ASH,A_Customer,安捷力,ec41996f-355d-44f6-94e0-2bf467e6c1bb,
A_BBH,A_Customer,广州巴登巴登化妆品有限公司,036a034d-3ff5-42d4-a542-faad0fd148e8,
A_BCH,A_Customer,百加得,8bd08768-9f69-49f7-8468-aa17bcf07f72,
A_BDH,A_Customer,百度,2020bdd2-09ac-4a9d-9ccc-d8e4875199d1,
A_BEH,A_Customer,柏宜美涂（北京）商业有限公司,67a6d718-63bb-4f11-a0bb-789723cb665f,
A_BMH,A_Customer,博茂营销咨询（上海）有限公司,522bd59d-9dc2-45ba-842d-f30b173673d0,
A_BOC,A_Customer,交通银行,185c0aaa-6de8-4f1f-b24d-1b2d73191fee,
A_BRH,A_Customer,红牛中国销售有限公司,f141fe38-9637-4257-8301-a57208ed1151,
A_BWH,A_Customer,百威英博,d2c02b46-b065-438d-978e-68c22a4649aa,
A_CCH,A_Customer,可口可乐,d0211c41-5964-4797-9c60-06eb23b6db28,
A_CFH,A_Customer,中粮,140b35d7-b5d3-43a5-b8c9-3bc63e502add,
A_CGH,A_Customer,熙可,b7314065-c6f8-404c-893d-4a6e01a8c482,
A_CMH,A_Customer,中国移动通信集团广东有限公司东莞分公司,d53b6bfa-243d-415f-9309-446dc2ac5853,
A_COH,A_Customer,广州专爱网络科技有限公司,d6908c00-075b-4044-93f5-215cd28ac7ce,
A_CPM,A_Customer,CPM,ff15c862-b0b6-44b9-b43f-3e4050b8adaa,
A_CRH,A_Customer,卡骆驰鞋饰（上海）有限公司,44937d0f-8eb2-41b6-9614-485ec845503e,
A_CYH,A_Customer,上海辰友企业管理有限公司,589fe4ed-0be6-49fa-ac74-6c3d1cca5a4a,
A_DAH,A_Customer,达能,9a8511fc-7256-4351-9bda-b6e5a40b6f61,
A_DEH,A_Customer,戴尔,e608a7da-1caf-46bf-bac1-d41741e056d2,
A_DFH,A_Customer,上海东纺日化销售有限公司,7e61c0c4-dd70-4a8e-b090-3afaae54d599,
A_DLH,A_Customer,德馨果汁,7501f381-1714-4ab9-8ee8-b86b7e478c2e,
A_DMH,A_Customer,多美滋,e70fea65-811e-45ac-ac08-26e589626a1c,
A_DPH,A_Customer,上海动魂文化传媒有限公司,8e9f06d3-9740-44bf-a1d1-8b2564a5b41c,
A_DYH,A_Customer,沈阳顶益,2805f0e1-d8b1-4eaa-9f70-5154ab752e5b,
A_ELH,A_Customer,伊莱克斯（中国）电器有限公司,15c749f3-7467-4676-8b3e-f33d30a23a2a,
A_FAH,A_Customer,上海芙艾投资管理咨询有限公司,2f4143d3-9da6-46ad-b492-a12cd1142818,
A_FIH,A_Customer,美素,32c8fa17-be2b-441c-affa-b6d7cfb5322b,
A_FLD,A_Customer,菲丽嘟,342923e9-c32a-4c28-a6b7-8d82f2ab212c,
A_FLH,A_Customer,飞利浦,366631bd-1019-483a-bc2a-bb784d345a0d,
A_FNH,A_Customer,广州风行牛奶有限公司,c0cee8fc-9599-4d71-9c05-ed190883f1a3,
A_FRH,A_Customer,费列罗,6df1130a-c851-4445-bfb4-79ae7ff2982c,
A_FZH,A_Customer,斧子科技（深圳）有限公司,b279c227-7496-4e4a-8074-e10536af4758,
A_GHY,A_Customer,金红叶纸业集团有限公司,0ddd72e4-bdc9-4f68-a1e9-59e637be2d91,
A_GSK,A_Customer,葛兰素史克（中国）投资有限公司,fe008ce8-ab95-467b-bd61-9fd4251ac215,
A_HAH,A_Customer,恒安,bfc69b51-0855-405a-b66a-fa5ae12a33e9,
A_HEH,A_Customer,好时,60b1df08-8657-4852-a314-51fb427fd652,
A_HJH,A_Customer,亨氏（中国）投资有限公司,d310468d-5498-457c-8d88-5e40ea307ef3,
A_HLH,A_Customer,黑人牙膏,dfe6d92a-0ff5-4c72-8ba3-53eb5272d323,
A_HYH,A_Customer,汇源,2d15cbf0-3fb1-4ae6-baaf-12d6ac3166ed,
A_IDH,A_Customer,京东,590739ad-6794-4db3-8013-721321cb1908,
A_JBD,A_Customer,北京京邦达贸易有限公司武侯分公司,9c7fe800-b55e-4921-b8df-77b391fee56b,
A_JDE,A_Customer,臻饮贸易（上海）有限公司,f2783a3d-67a9-4d3f-832d-a57840604905,
A_JDH,A_Customer,深圳金多多食品营销有限公司,5e63f992-6c21-4040-aac0-76ac9ea42250,
A_JDS,A_Customer,上海佳定税务师事务所有限公司,d33444f3-20f4-4061-bd0b-1d9c326a0c4f,
A_JGH,A_Customer,金光,3f644d61-cfd1-4227-b78b-6fe564deadfd,
A_JHH,A_Customer,上海家化联合股份有限公司,60f0c645-a537-4701-8651-bc867a75a2f4,
A_JJH,A_Customer,强生,d33c7a8e-e0bb-4ba0-b385-17751f643cf1,
A_JXH,A_Customer,进馨科技,93aebd20-7836-42d5-972e-b8e3aa5d7262,
A_JYH,A_Customer,（隽谊）上海国际贸易有限公司,47d9fce4-ad6d-443d-8728-d91e6e1fe479,
A_KBC,A_Customer,金佰利,8f5c1f46-68f6-4f4f-a0c5-979dac2415aa,
A_KCH,A_Customer,上海创礼信息系统集成有限公司,a6658323-fae5-4ce8-be37-1023c8b58d9a,
A_KGH,A_Customer,家乐氏,cb627954-4749-43b4-8c7f-a50e48857403,
A_KGM,A_Customer,可果美,f676be66-5b7c-4711-a218-0bfaa0805567,
A_KIS,A_Customer,格瑞兄弟糖果（北京）有限公司,a6c948ba-b0af-4108-875e-1f71628a0588,
A_KJH,A_Customer,无锡市吉邦食品贸易有限公司-蓝罐曲奇,e4093a58-84f9-4aaa-8c6c-c9c50ad9e731,
A_LGH,A_Customer,蓝罐金宝（上海）管理有限公司,238cca6e-ac53-4f5c-a857-326dba466ad0,
A_LKH,A_Customer,李锦记,58054138-0166-47e7-b5bc-547b71d04b53,
A_LPH,A_Customer,欧莱雅,8832de7a-d2f0-418a-bc57-74627f43782c,
A_MHH,A_Customer,酩悦轩尼诗帝亚吉欧洋酒（上海）有限公司,33afd4d3-484b-4940-8cba-e449263ad883,
A_MJH,A_Customer,美赞臣,2f0a235b-5dd4-409e-b473-575605f24d86,
A_MKD,A_Customer,曼可顿食品（上海）有限公司,d6b26d65-0060-441c-be57-48faf160a9c1,
A_MKH,A_Customer,康师傅,22e99a9a-9ec9-4481-9e90-01d0cee45c58,
A_MLH,A_Customer,美乐棵,b4f2a5f0-dccc-4ca7-a401-f9d4d8fb2b39,
A_MNH,A_Customer,内蒙古蒙牛乳业（集团）股份有限公司,4980b32e-bc72-47bf-aeda-9cc9c4219bd5,
A_MRG,A_Customer,嘉利公关,d6a3f848-556d-4cfc-a281-d117dfda6021,
A_MRH,A_Customer,玛氏,7abb3653-15bd-4930-8849-3f9b796041f2,
A_MTH,A_Customer,美太芭比（上海）贸易有限公司,dd31e16a-13ab-4b4b-b2a9-dd929d42d82a,
A_MZH,A_Customer,脉动,bc5612f1-6c0c-4d85-9113-0aef9a895cd6,
A_NEH,A_Customer,雀巢,96a12569-eaef-45c8-85f2-f9b732cf182e,
A_NHH,A_Customer,北京诺华制药有限公司,b8b18903-0429-496a-bc8c-04107c4f8432,
A_ORL,A_Customer,好丽友,a9f03cda-b077-44ad-bb56-70ffbd12acb3,
A_PCH,A_Customer,朴诚乳业,d25ec4ea-05a0-4f7d-bc90-e808e33c6839,
A_PEH,A_Customer,百事,09d88234-01ba-451d-9735-0a54d43b5d20,
A_PGH,A_Customer,宝洁,6647929c-de01-40b3-b29d-4e9db945ed12,
A_PKH,A_Customer,上海派克笔有限公司,2b69ddd0-5df8-458e-baed-1afcebd64ff3,
A_PLH,A_Customer,品利,20717b68-bdd3-404a-997a-8b0d3657bd5c,
A_PPH,A_Customer,不凡帝,e36ed829-7af6-4b18-955c-058e28c89b25,
A_QDH,A_Customer,强生大宝,68ee2496-77ad-4e14-ad31-8a2ea6902479,
A_QQH,A_Customer,洽洽食品,031dd7eb-672e-455f-83cc-eba65fbaafc6,
A_RBH,A_Customer,乐百氏,7aa7398c-ae9e-4cb0-ad87-7baa8c21face,
A_RRH,A_Customer,人人行科技有限公司,ba1e12b0-7337-415f-9502-6056ea106516,
A_SCH,A_Customer,先施药业,8a12709c-d2dd-4992-b9c5-890851227186,
A_SDH,A_Customer,奥森多,0c5471e1-eca6-4551-863a-bc93130a4a00,
A_SFH,A_Customer,上海领鲜物流有限公司,23cea7ad-a1d7-48cc-a807-ee24ac940e21,
A_SGH,A_Customer,中储粮,3c8ba93a-a431-4016-9c27-a78cbeb48e03,
A_SLT,A_Customer,智利圣丽塔酒庄,048609d3-723b-46ca-9564-6fef78c6de58,
A_SPH,A_Customer,医药集团,4f96fac5-b394-476f-a05e-ec3c3bef0e67,
A_SQH,A_Customer,三全食品股份有限公司,5340c8c6-f2a9-4539-b3fc-f799975044ee,
A_TGH,A_Customer,太古食品贸易（中国）有限公司 ?北京分公司,5aac94b5-e21f-4ade-ae7e-fc5c3ee4bdc5,
A_TTH,A_Customer,团团信息技术（上海）有限公司,601f2e9d-46c8-4ac9-ac3d-199098efea2c,
A_UNL,A_Customer,联合利华食品有限公司,8f3aeeb3-7c23-4c33-8fdb-2cdae1ff21e0,
A_UPH,A_Customer,统一,e88bac04-e2fa-4f47-a19f-edeafd57ccac,
A_WAH,A_Customer,旺旺集团,d1dd7f8c-7684-466d-b8e8-75d5a05b6be1,
A_WAL,A_Customer,和路雪（中国）有限公司,94c57a02-be99-4906-a790-774830082f04,
A_WDH,A_Customer,完达山,33a2f111-99b1-4ecf-8168-9e8dda37e9f8,
A_WGH,A_Customer,南京卫岗乳业有限公司,dafb4eeb-e35d-47a0-9c1e-01241aa0c2a4,
A_WHH,A_Customer,华为终端（东莞）有限公司,bc1f6cbf-20fa-4518-b47c-1a06f1dcea9f,
A_WMH,A_Customer,沃尔玛(中国)投资有限公司,8ff1463f-c48d-48ea-8a38-34cbbd209d31,
A_WQH,A_Customer,味全,8b149b96-331c-44c2-86c9-4d26338e5292,
A_WWH,A_Customer,箭牌,b4af539e-7458-4005-a696-dd4ef8e94fd9,
A_XLH,A_Customer,喜力,0d0b05a4-42ef-4176-9420-64e4fdfb7cb9,
A_XSH,A_Customer,上海新世傲集团股份有限公司,ed062413-1a13-4f7e-a5d6-3bd5b621545a,
A_YFH,A_Customer,广东奥飞动漫文化股份有限公司,d9d5c3e5-7e17-4f46-812f-59eda4ba560a,
A_YHH,A_Customer,永辉云商,30c2df7b-ec3e-40f8-90d6-a84d35e2bf6c,
A_YKH,A_Customer,养乐多,60b83c24-6e7e-4815-b75e-fabea842de7a,
A_YLH,A_Customer,伊利,5a11ac09-bf83-4317-80f6-763c9cc77b03,
A_YMH,A_Customer,上海益民食品一厂（集团）有限公司销售分公司,6a645a57-5e4b-4ebd-92ad-1486a174e42f,
A_YXH,A_Customer,杨协成食品,de1c0036-2b4e-431e-810a-57add2f9c7e3,
A_TEST01,A_Customer,测试01,62ff3495-42b4-4380-85e4-0da97c460794,
A_DEMO1,A_Customer,客户DEMO1,2962e71c-803b-4e87-bd9e-868deaac4769,
