﻿A_BU, Parent, Alias: Default, UUID, Operation
A_MC015,A_BU,事业2部,45098dae-fb43-4ac0-bff7-13b1ce41630f,
A_MC017,A_BU,事业4部,608fc435-5af4-4401-bc93-8583d94274c9,
A_MC018,A_BU,事业5部,01d35ec0-93fb-44ee-b476-a5f2ff7541b7,
A_MC119,A_BU,事业6部一组,c52c73da-da95-43a1-be69-0d0f285918ae,
A_MC019,A_BU,事业6部二组,a3f19b42-5ba4-4c10-9bb3-1602a77cfadb,
A_MC020,A_BU,事业7部,11bf28e0-78bb-4869-8477-fb28c39aaccc,
A_MC024,A_BU,事业8部,ebc1fe7c-405d-44ec-ab13-be3647765b23,
A_MC021,A_BU,事业9部,8f2d6811-20be-48fb-a73e-ef86f27869f9,
A_MC096,A_BU,事业10部,5acce260-af51-464d-b7a8-1418a2d756d3,
A_MC052,A_BU,长促事业部1组,b762822e-af6d-4556-844c-36f7a27c638e,
A_MC053,A_BU,长促事业部2组,ba29ec0b-a90b-45c1-8b23-4c2eb0b89a50,
