#group
id,provider,name,description,internal_id
1_AC,Native Directory,1_AC,提交报价组(AC、PL),native://nvid=ea16c04bf58ec69b:-16f11eb1:15f68e0c9ad:-7fea?GROUP
1_AC_Approve,Native Directory,1_AC_Approve,报价审批组,native://nvid=39f4d274abddfa93:-67476767:1616423e74d:-7fe3?GROUP
1_AC_Review,Native Directory,1_AC_Review,报价查看组(TL、BUL),native://nvid=39f4d274abddfa93:-67476767:1616423e74d:-7fe4?GROUP
1_AC_Write,Native Directory,1_AC_Write,报价提交组(AC、PL),native://nvid=39f4d274abddfa93:-67476767:1616423e74d:-7fe5?GROUP
1_BUL,Native Directory,1_BUL,查看报价组(TL、BUL),native://nvid=39f4d274abddfa93:7f4e32e0:16043c00f54:-7fe4?GROUP
20180710,Native Directory,20180710,AAAUpdateTheProjectName,"native://DN=cn=AA,ou=Groups,dc=css,dc=hyperion,dc=com?GROUP"
2_PM,Native Directory,2_PM,提交预算组(PM),native://nvid=ea16c04bf58ec69b:-16f11eb1:15f68e0c9ad:-7fe9?GROUP
2_PML,Native Directory,2_PML,查看预算组(TL、PML),native://nvid=39f4d274abddfa93:6082903b:160de3ea849:-7fdb?GROUP
2_PM_Approve,Native Directory,2_PM_Approve,预算审批组,native://nvid=39f4d274abddfa93:-67476767:1616423e74d:-7fe0?GROUP
2_PM_Review,Native Directory,2_PM_Review,预算查看组,native://nvid=39f4d274abddfa93:-67476767:1616423e74d:-7fe1?GROUP
2_PM_Write,Native Directory,2_PM_Write,预算提交组(PM),native://nvid=39f4d274abddfa93:-67476767:1616423e74d:-7fe2?GROUP
3_AUDIT_AC,Native Directory,3_AUDIT_AC,审核报价组,native://nvid=ea16c04bf58ec69b:-16f11eb1:15f68e0c9ad:-7fe8?GROUP
3_AUDIT_PM,Native Directory,3_AUDIT_PM,审核预算组,native://nvid=39f4d274abddfa93:6082903b:160de3ea849:-7fea?GROUP
3_BOSS,Native Directory,3_BOSS,老板组,native://nvid=39f4d274abddfa93:-67476767:1616423e74d:-7fdf?GROUP
4_FINANCE,Native Directory,4_FINANCE,财务部组,native://nvid=39f4d274abddfa93:7f4e32e0:16043c00f54:-7fe7?GROUP
4_PURCHASE,Native Directory,4_PURCHASE,,native://nvid=39f4d274abddfa93:7f4e32e0:16043c00f54:-7fe5?GROUP
AllProject,Native Directory,AllProject,所有项目,native://nvid=096c305da8793a87:64c6b2d6:1609bf0a1cc:-7fd3?GROUP
HVDPHOT1707081000,Native Directory,HVDPHOT1707081000,哔哩哔哩上海展览馆检票项目,native://nvid=39f4d274abddfa93:-77e3d7d0:16265a23a06:-7f83?GROUP
HVHEHSP1708092800,Native Directory,HVHEHSP1708092800,好时七夕节短促活动,native://nvid=096c305da8793a87:-e3aed8d:15fe28b84c3:-7fe8?GROUP
HVHEHSP1807153400,Native Directory,HVHEHSP1807153400,Y18好时淡季长促7月-短促,native://nvid=096c305da8793a87:-30dc47e:164d232f820:-7db8?GROUP
MCDAHSP1404009605,Native Directory,MCDAHSP1404009605,测试项目4,native://nvid=39f4d274abddfa93:-73df33a3:1625b54b578:-7ff1?GROUP
MCDAHSP1404009607,Native Directory,MCDAHSP1404009607,测试项目3,native://nvid=096c305da8793a87:768311d0:1620134a359:-7fcf?GROUP
MCPGHSP1406024300,Native Directory,MCPGHSP1406024300,修复测试1,native://nvid=096c305da8793a87:-a9d880a:162ee1d6ff2:-7ff4?GROUP
MSGXYCD1804094800,Native Directory,MSGXYCD1804094800,PBCS恢复测试,native://nvid=096c305da8793a87:-17ff1dd2:162f86aea63:-7ff3?GROUP
MSHMXSP1803080200,Native Directory,MSHMXSP1803080200,盒马店内人员管理项目试运行2月,native://nvid=39f4d274abddfa93:-77e3d7d0:16265a23a06:-7f7b?GROUP
MSMJHRS1808162100,Native Directory,MSMJHRS1808162100,美赞臣北区8-9月PS路演项目,native://nvid=096c305da8793a87:-30dc47e:164d232f820:-7dba?GROUP
MSMKDSP1709081200,Native Directory,MSMKDSP1709081200,曼可顿周末试吃活动,native://nvid=39f4d274abddfa93:-77e3d7d0:16265a23a06:-7f82?GROUP
MSMKDSP1709082100,Native Directory,MSMKDSP1709082100,2017隽谊周末短促,native://nvid=39f4d274abddfa93:-77e3d7d0:16265a23a06:-7f81?GROUP
MSMRHSP1705043100,Native Directory,MSMRHSP1705043100,玛氏淡季六一儿童节活动,native://nvid=096c305da8793a87:-e3aed8d:15fe28b84c3:-7fe9?GROUP
MSMWCSP1710077500,Native Directory,MSMWCSP1710077500,2017年箭牌P12弹立方活动,native://nvid=39f4d274abddfa93:196d780e:16241956408:-7fee?GROUP
MSMWCSP1802081500,Native Directory,MSMWCSP1802081500,2018箭牌CNY华润万家Heavy up活动,native://nvid=39f4d274abddfa93:-77e3d7d0:16265a23a06:-7f7c?GROUP
MSMWCSP1803077800,Native Directory,MSMWCSP1803077800,Y18玛氏淡季P3女人节派样活动-南区,native://nvid=39f4d274abddfa93:196d780e:16241956408:-7fec?GROUP
MSMWCSP1803082900,Native Directory,MSMWCSP1803082900,Y18玛氏淡季P3女人节派样活动-东区,native://nvid=39f4d274abddfa93:-77e3d7d0:16265a23a06:-7f77?GROUP
MSMWCSP1803083000,Native Directory,MSMWCSP1803083000,Y18玛氏淡季P3女人节派样活动-西区,native://nvid=39f4d274abddfa93:-77e3d7d0:16265a23a06:-7f76?GROUP
MSMWHSP1808152800,Native Directory,MSMWHSP1808152800,2018箭牌P8沃尔玛星爆客户定制活动-东区,native://nvid=096c305da8793a87:-30dc47e:164d232f820:-7dbb?GROUP
MSPGHCA1803069900,Native Directory,MSPGHCA1803069900,FY1718 JFM FHC LAU Big window Mini Event,native://nvid=39f4d274abddfa93:-45bea33f:16222aeedde:-7fd9?GROUP
MSPGHRS1803069700,Native Directory,MSPGHRS1803069700,明星见面会,native://nvid=39f4d274abddfa93:-45bea33f:16222aeedde:-7fea?GROUP
MSPGHRS1804080100,Native Directory,MSPGHRS1804080100,FY1718 pampers 8-9月 event(MEGA)项目,native://nvid=39f4d274abddfa93:-77e3d7d0:16265a23a06:-7f7e?GROUP
MSPGHSP1708077300,Native Directory,MSPGHSP1708077300,FY1718 Winsome 8月帮宝适讲座,native://nvid=39f4d274abddfa93:196d780e:16241956408:-7fea?GROUP
MSPGHSP1710082200,Native Directory,MSPGHSP1710082200,FY1718 SFG OND mini Event,native://nvid=39f4d274abddfa93:-77e3d7d0:16265a23a06:-7f78?GROUP
MSPGHSP1711074900,Native Directory,MSPGHSP1711074900,FY1718 Whisper OND project,native://nvid=39f4d274abddfa93:196d780e:16241956408:-7ff1?GROUP
MSPGHSP1712077700,Native Directory,MSPGHSP1712077700,Y1718 JFM LUA 双十二 Mini Event,native://nvid=39f4d274abddfa93:196d780e:16241956408:-7ff0?GROUP
MSPGHSP1803070900,Native Directory,MSPGHSP1803070900,SMKT  JFM,native://nvid=39f4d274abddfa93:-45bea33f:16222aeedde:-7fd8?GROUP
MSPGHSP1803073100,Native Directory,MSPGHSP1803073100,预算到费用报销接口测试317,native://nvid=39f4d274abddfa93:-1451834c:16232261e06:-7ff4?GROUP
MSPGHSP1803081900,Native Directory,MSPGHSP1803081900,FY1718 PNT JFM Mini Event,native://nvid=39f4d274abddfa93:-77e3d7d0:16265a23a06:-7f87?GROUP
MSPGHSP1804081300,Native Directory,MSPGHSP1804081300,CRV双11Event,native://nvid=39f4d274abddfa93:-77e3d7d0:16265a23a06:-7f7f?GROUP
MSPGHST1801060101,Native Directory,MSPGHST1801060101,2018年宝洁长促项目_1,native://nvid=39f4d274abddfa93:-7d87177c:161dfbd9ceb:-7feb?GROUP
MSPGHST1807106407,Native Directory,MSPGHST1807106407,2018年宝洁项目长促测试_7,native://nvid=096c305da8793a87:3188c2a8:1635a42d442:-7ff4?GROUP
MSWWHSP1706064100,Native Directory,MSWWHSP1706064100,2017年箭牌P7绿箭薄荷糖主题活动,native://nvid=096c305da8793a87:-e3aed8d:15fe28b84c3:-7fea?GROUP
MSYLHRS1803078100,Native Directory,MSYLHRS1803078100,2018苏皖3月金典歌手minishow,native://nvid=39f4d274abddfa93:196d780e:16241956408:-7fdd?GROUP
MSYLHRS1803080300,Native Directory,MSYLHRS1803080300,2018年上海经销商元宵节mini秀活动,native://nvid=39f4d274abddfa93:-77e3d7d0:16265a23a06:-7f85?GROUP
MSYLHRS1803080400,Native Directory,MSYLHRS1803080400,伊利苏皖区域植选发布会,native://nvid=39f4d274abddfa93:-77e3d7d0:16265a23a06:-7f84?GROUP
MSYLHSP1803078000,Native Directory,MSYLHSP1803078000,2018年液奶区域整合推广活动-浙沪3月安慕希,native://nvid=39f4d274abddfa93:196d780e:16241956408:-7fdc?GROUP
PLBDHMM1709081800,Native Directory,PLBDHMM1709081800,百度糯米9城市三折页制作,native://nvid=39f4d274abddfa93:-77e3d7d0:16265a23a06:-7f6f?GROUP
PLBDHPR1710081600,Native Directory,PLBDHPR1710081600,百度糯米成都10月会务,native://nvid=39f4d274abddfa93:-77e3d7d0:16265a23a06:-7f6e?GROUP
PLBDHPR1807161100,Native Directory,PLBDHPR1807161100,百度本地广告哈尔滨季度会议,native://nvid=096c305da8793a87:-30dc47e:164d232f820:-7db7?GROUP
PLBWHOT1712081400,Native Directory,PLBWHOT1712081400,店小二积分体系项目,native://nvid=39f4d274abddfa93:-77e3d7d0:16265a23a06:-7f75?GROUP
PLBWHRS1711081700,Native Directory,PLBWHRS1711081700,2017哈尔滨白啤（中区）火锅节活动,native://nvid=39f4d274abddfa93:-77e3d7d0:16265a23a06:-7f74?GROUP
PLBWHRS1712072500,Native Directory,PLBWHRS1712072500,哈尔滨白啤圣诞节活动,native://nvid=39f4d274abddfa93:-18ab120:16227d57998:-7fd5?GROUP
PLBWHRS1801077100,Native Directory,PLBWHRS1801077100,百威尾牙宴,native://nvid=39f4d274abddfa93:196d780e:16241956408:-7feb?GROUP
PLBWHSP1807135500,Native Directory,PLBWHSP1807135500,Y18南京大润发瑞金店店内路演活动,native://nvid=096c305da8793a87:4f6074fd:1647fcce171:-7dbb?GROUP
PLBWHSP1807138900,Native Directory,PLBWHSP1807138900,Y18百威Q3啤酒屋项目,native://nvid=096c305da8793a87:4f6074fd:1647fcce171:-7db9?GROUP
PLFIHSP1709077600,Native Directory,PLFIHSP1709077600,Q3致敬自然周末消费者活动,native://nvid=39f4d274abddfa93:196d780e:16241956408:-7fef?GROUP
PLFIHSP1801077400,Native Directory,PLFIHSP1801077400,美素佳儿2018CNY新春主题周末活动--3月,native://nvid=39f4d274abddfa93:196d780e:16241956408:-7fe8?GROUP
PLFIHSP1801082000,Native Directory,PLFIHSP1801082000,美素佳儿Q4周末短促,native://nvid=39f4d274abddfa93:-77e3d7d0:16265a23a06:-7f80?GROUP
PLFIHSP1803068900,Native Directory,PLFIHSP1803068900,美素佳儿2018CNY新春主题周末活动,native://nvid=39f4d274abddfa93:-45bea33f:16222aeedde:-7fe0?GROUP
PLPEPCD1803074600,Native Directory,PLPEPCD1803074600,项目C,native://nvid=39f4d274abddfa93:-6482dc65:1623c6f7acb:-7fe3?GROUP
PLPEPOT1803074700,Native Directory,PLPEPOT1803074700,项目D,native://nvid=39f4d274abddfa93:-6482dc65:1623c6f7acb:-7fe2?GROUP
PR000001,Native Directory,PR000001,,native://nvid=ea16c04bf58ec69b:-16f11eb1:15f68e0c9ad:-7fe7?GROUP
PR000001TT,Native Directory,PR000001TT,,native://nvid=096c305da8793a87:-31248fed:16034f12377:-7fec?GROUP
PR000002,Native Directory,PR000002,,native://nvid=ea16c04bf58ec69b:-16f11eb1:15f68e0c9ad:-7fe6?GROUP
PR000002TT,Native Directory,PR000002TT,,native://nvid=096c305da8793a87:-31248fed:16034f12377:-7feb?GROUP
PR000003,Native Directory,PR000003,,native://nvid=ea16c04bf58ec69b:-16f11eb1:15f68e0c9ad:-7fe5?GROUP
PR000004,Native Directory,PR000004,,native://nvid=ea16c04bf58ec69b:-16f11eb1:15f68e0c9ad:-7fe4?GROUP
PR000005,Native Directory,PR000005,,native://nvid=ea16c04bf58ec69b:-16f11eb1:15f68e0c9ad:-7fe3?GROUP
PR000006,Native Directory,PR000006,,native://nvid=ea16c04bf58ec69b:-16f11eb1:15f68e0c9ad:-7fe2?GROUP
PR000007,Native Directory,PR000007,,native://nvid=ea16c04bf58ec69b:-16f11eb1:15f68e0c9ad:-7fe1?GROUP
PR000008,Native Directory,PR000008,,native://nvid=ea16c04bf58ec69b:-16f11eb1:15f68e0c9ad:-7fe0?GROUP
PR000009,Native Directory,PR000009,,native://nvid=ea16c04bf58ec69b:-16f11eb1:15f68e0c9ad:-7fdf?GROUP
PR000010,Native Directory,PR000010,测试项目组10,native://nvid=ea16c04bf58ec69b:-16f11eb1:15f68e0c9ad:-7fde?GROUP
PR000011,Native Directory,PR000011,,native://nvid=ea16c04bf58ec69b:-16f11eb1:15f68e0c9ad:-7fdd?GROUP
PR000012,Native Directory,PR000012,,native://nvid=ea16c04bf58ec69b:-16f11eb1:15f68e0c9ad:-7fdc?GROUP
PR000013,Native Directory,PR000013,,native://nvid=ea16c04bf58ec69b:-16f11eb1:15f68e0c9ad:-7fdb?GROUP
PR000014,Native Directory,PR000014,,native://nvid=ea16c04bf58ec69b:-16f11eb1:15f68e0c9ad:-7fda?GROUP
PR000015,Native Directory,PR000015,,native://nvid=ea16c04bf58ec69b:-16f11eb1:15f68e0c9ad:-7fd9?GROUP
PR000016,Native Directory,PR000016,,native://nvid=ea16c04bf58ec69b:-16f11eb1:15f68e0c9ad:-7fd8?GROUP
PR000017,Native Directory,PR000017,,native://nvid=ea16c04bf58ec69b:-16f11eb1:15f68e0c9ad:-7fd7?GROUP
PR000018,Native Directory,PR000018,,native://nvid=ea16c04bf58ec69b:-16f11eb1:15f68e0c9ad:-7fd6?GROUP
PR000019,Native Directory,PR000019,,native://nvid=ea16c04bf58ec69b:-16f11eb1:15f68e0c9ad:-7fd5?GROUP
PR000020,Native Directory,PR000020,,native://nvid=ea16c04bf58ec69b:-16f11eb1:15f68e0c9ad:-7fd4?GROUP
PR000021,Native Directory,PR000021,,native://nvid=ea16c04bf58ec69b:-16f11eb1:15f68e0c9ad:-7fd3?GROUP
PR000022,Native Directory,PR000022,,native://nvid=ea16c04bf58ec69b:-16f11eb1:15f68e0c9ad:-7fd2?GROUP
PR000023,Native Directory,PR000023,,native://nvid=ea16c04bf58ec69b:-16f11eb1:15f68e0c9ad:-7fd1?GROUP
PR000024,Native Directory,PR000024,,native://nvid=ea16c04bf58ec69b:-16f11eb1:15f68e0c9ad:-7fd0?GROUP
PR000025,Native Directory,PR000025,,native://nvid=ea16c04bf58ec69b:-16f11eb1:15f68e0c9ad:-7fcf?GROUP
PR000026,Native Directory,PR000026,,native://nvid=ea16c04bf58ec69b:-16f11eb1:15f68e0c9ad:-7fce?GROUP
PR000027,Native Directory,PR000027,,native://nvid=ea16c04bf58ec69b:-16f11eb1:15f68e0c9ad:-7fcd?GROUP
PR000028,Native Directory,PR000028,,native://nvid=ea16c04bf58ec69b:-16f11eb1:15f68e0c9ad:-7fcc?GROUP
PR000029,Native Directory,PR000029,,native://nvid=ea16c04bf58ec69b:-16f11eb1:15f68e0c9ad:-7fcb?GROUP
PR000030,Native Directory,PR000030,,native://nvid=ea16c04bf58ec69b:-16f11eb1:15f68e0c9ad:-7fca?GROUP
PR000031,Native Directory,PR000031,,native://nvid=ea16c04bf58ec69b:-16f11eb1:15f68e0c9ad:-7fc9?GROUP
PR000032,Native Directory,PR000032,,native://nvid=ea16c04bf58ec69b:-16f11eb1:15f68e0c9ad:-7fc8?GROUP
PR000033,Native Directory,PR000033,,native://nvid=ea16c04bf58ec69b:-16f11eb1:15f68e0c9ad:-7fc7?GROUP
PR000034,Native Directory,PR000034,,native://nvid=ea16c04bf58ec69b:-16f11eb1:15f68e0c9ad:-7fc6?GROUP
PR000035,Native Directory,PR000035,,native://nvid=ea16c04bf58ec69b:-16f11eb1:15f68e0c9ad:-7fc5?GROUP
PR000036,Native Directory,PR000036,,native://nvid=ea16c04bf58ec69b:-16f11eb1:15f68e0c9ad:-7fc4?GROUP
PR000037,Native Directory,PR000037,,native://nvid=ea16c04bf58ec69b:-16f11eb1:15f68e0c9ad:-7fc3?GROUP
PR000038,Native Directory,PR000038,,native://nvid=ea16c04bf58ec69b:-16f11eb1:15f68e0c9ad:-7fc2?GROUP
PR000039,Native Directory,PR000039,,native://nvid=ea16c04bf58ec69b:-16f11eb1:15f68e0c9ad:-7fc1?GROUP
PR000040,Native Directory,PR000040,,native://nvid=ea16c04bf58ec69b:-16f11eb1:15f68e0c9ad:-7fc0?GROUP
PR000041,Native Directory,PR000041,,native://nvid=ea16c04bf58ec69b:-16f11eb1:15f68e0c9ad:-7fbf?GROUP
PR000042,Native Directory,PR000042,,native://nvid=ea16c04bf58ec69b:-16f11eb1:15f68e0c9ad:-7fbe?GROUP
PR000043,Native Directory,PR000043,,native://nvid=ea16c04bf58ec69b:-16f11eb1:15f68e0c9ad:-7fbd?GROUP
PR000044,Native Directory,PR000044,,native://nvid=ea16c04bf58ec69b:-16f11eb1:15f68e0c9ad:-7fbc?GROUP
PR000045,Native Directory,PR000045,,native://nvid=ea16c04bf58ec69b:-16f11eb1:15f68e0c9ad:-7fbb?GROUP
PR000046,Native Directory,PR000046,,native://nvid=ea16c04bf58ec69b:-16f11eb1:15f68e0c9ad:-7fba?GROUP
PR000047,Native Directory,PR000047,,native://nvid=ea16c04bf58ec69b:-16f11eb1:15f68e0c9ad:-7fb9?GROUP
PR000048,Native Directory,PR000048,,native://nvid=ea16c04bf58ec69b:-16f11eb1:15f68e0c9ad:-7fb8?GROUP
PR000049,Native Directory,PR000049,,native://nvid=ea16c04bf58ec69b:-16f11eb1:15f68e0c9ad:-7fb7?GROUP
PR000050,Native Directory,PR000050,,native://nvid=ea16c04bf58ec69b:-16f11eb1:15f68e0c9ad:-7fb6?GROUP
PR000051,Native Directory,PR000051,,native://nvid=ea16c04bf58ec69b:-16f11eb1:15f68e0c9ad:-7fb5?GROUP
PR000052,Native Directory,PR000052,,native://nvid=ea16c04bf58ec69b:-16f11eb1:15f68e0c9ad:-7fb4?GROUP
PR000053,Native Directory,PR000053,,native://nvid=ea16c04bf58ec69b:-16f11eb1:15f68e0c9ad:-7fb3?GROUP
PR000054,Native Directory,PR000054,,native://nvid=ea16c04bf58ec69b:-16f11eb1:15f68e0c9ad:-7fb2?GROUP
PR000055,Native Directory,PR000055,,native://nvid=ea16c04bf58ec69b:-16f11eb1:15f68e0c9ad:-7fb1?GROUP
PR000056,Native Directory,PR000056,,native://nvid=ea16c04bf58ec69b:-16f11eb1:15f68e0c9ad:-7fb0?GROUP
PR000057,Native Directory,PR000057,,native://nvid=ea16c04bf58ec69b:-16f11eb1:15f68e0c9ad:-7faf?GROUP
PR000058,Native Directory,PR000058,,native://nvid=ea16c04bf58ec69b:-16f11eb1:15f68e0c9ad:-7fae?GROUP
PR000059,Native Directory,PR000059,,native://nvid=ea16c04bf58ec69b:-16f11eb1:15f68e0c9ad:-7fad?GROUP
PR000060,Native Directory,PR000060,,native://nvid=ea16c04bf58ec69b:-16f11eb1:15f68e0c9ad:-7fac?GROUP
PR000061,Native Directory,PR000061,,native://nvid=ea16c04bf58ec69b:-16f11eb1:15f68e0c9ad:-7fab?GROUP
PR000062,Native Directory,PR000062,,native://nvid=ea16c04bf58ec69b:-16f11eb1:15f68e0c9ad:-7faa?GROUP
PR000063,Native Directory,PR000063,,native://nvid=ea16c04bf58ec69b:-16f11eb1:15f68e0c9ad:-7fa9?GROUP
PR000064,Native Directory,PR000064,,native://nvid=ea16c04bf58ec69b:-16f11eb1:15f68e0c9ad:-7fa8?GROUP
PR000065,Native Directory,PR000065,,native://nvid=ea16c04bf58ec69b:-16f11eb1:15f68e0c9ad:-7fa7?GROUP
PR000066,Native Directory,PR000066,,native://nvid=ea16c04bf58ec69b:-16f11eb1:15f68e0c9ad:-7fa6?GROUP
PR000067,Native Directory,PR000067,,native://nvid=ea16c04bf58ec69b:-16f11eb1:15f68e0c9ad:-7fa5?GROUP
PR000068,Native Directory,PR000068,,native://nvid=ea16c04bf58ec69b:-16f11eb1:15f68e0c9ad:-7fa4?GROUP
PR000069,Native Directory,PR000069,,native://nvid=ea16c04bf58ec69b:-16f11eb1:15f68e0c9ad:-7fa3?GROUP
PR000070,Native Directory,PR000070,,native://nvid=ea16c04bf58ec69b:-16f11eb1:15f68e0c9ad:-7fa2?GROUP
PR000071,Native Directory,PR000071,,native://nvid=ea16c04bf58ec69b:-16f11eb1:15f68e0c9ad:-7fa1?GROUP
PR000072,Native Directory,PR000072,,native://nvid=ea16c04bf58ec69b:-16f11eb1:15f68e0c9ad:-7fa0?GROUP
PR000073,Native Directory,PR000073,,native://nvid=ea16c04bf58ec69b:-16f11eb1:15f68e0c9ad:-7f9f?GROUP
PR000074,Native Directory,PR000074,,native://nvid=ea16c04bf58ec69b:-16f11eb1:15f68e0c9ad:-7f9e?GROUP
PR000075,Native Directory,PR000075,,native://nvid=ea16c04bf58ec69b:-16f11eb1:15f68e0c9ad:-7f9d?GROUP
PR000076,Native Directory,PR000076,,native://nvid=ea16c04bf58ec69b:-16f11eb1:15f68e0c9ad:-7f9c?GROUP
PR000077,Native Directory,PR000077,,native://nvid=ea16c04bf58ec69b:-16f11eb1:15f68e0c9ad:-7f9b?GROUP
PR000078,Native Directory,PR000078,,native://nvid=ea16c04bf58ec69b:-16f11eb1:15f68e0c9ad:-7f9a?GROUP
PR000079,Native Directory,PR000079,,native://nvid=ea16c04bf58ec69b:-16f11eb1:15f68e0c9ad:-7f99?GROUP
PR000080,Native Directory,PR000080,,native://nvid=ea16c04bf58ec69b:-16f11eb1:15f68e0c9ad:-7f98?GROUP
PR000081,Native Directory,PR000081,,native://nvid=ea16c04bf58ec69b:-16f11eb1:15f68e0c9ad:-7f97?GROUP
PR000082,Native Directory,PR000082,,native://nvid=ea16c04bf58ec69b:-16f11eb1:15f68e0c9ad:-7f96?GROUP
PR000083,Native Directory,PR000083,,native://nvid=ea16c04bf58ec69b:-16f11eb1:15f68e0c9ad:-7f95?GROUP
PR000084,Native Directory,PR000084,,native://nvid=ea16c04bf58ec69b:-16f11eb1:15f68e0c9ad:-7f94?GROUP
PR000085,Native Directory,PR000085,,native://nvid=ea16c04bf58ec69b:-16f11eb1:15f68e0c9ad:-7f93?GROUP
PR000086,Native Directory,PR000086,,native://nvid=ea16c04bf58ec69b:-16f11eb1:15f68e0c9ad:-7f92?GROUP
PR000087,Native Directory,PR000087,,native://nvid=ea16c04bf58ec69b:-16f11eb1:15f68e0c9ad:-7f91?GROUP
PR000088,Native Directory,PR000088,,native://nvid=ea16c04bf58ec69b:-16f11eb1:15f68e0c9ad:-7f90?GROUP
PR000089,Native Directory,PR000089,,native://nvid=ea16c04bf58ec69b:-16f11eb1:15f68e0c9ad:-7f8f?GROUP
PR000090,Native Directory,PR000090,,native://nvid=ea16c04bf58ec69b:-16f11eb1:15f68e0c9ad:-7f8e?GROUP
PR000091,Native Directory,PR000091,,native://nvid=ea16c04bf58ec69b:-16f11eb1:15f68e0c9ad:-7f8d?GROUP
PR000092,Native Directory,PR000092,,native://nvid=ea16c04bf58ec69b:-16f11eb1:15f68e0c9ad:-7f8c?GROUP
WIABHST1803084903,Native Directory,WIABHST1803084903,雅培金象长促-3月_3,native://nvid=39f4d274abddfa93:1c19ee2:1627514b964:-7fe3?GROUP
WIACHSP1711077900,Native Directory,WIACHSP1711077900,安佳11月中秋路演,native://nvid=39f4d274abddfa93:196d780e:16241956408:-7fde?GROUP
WIBDHCA1711069200,Native Directory,WIBDHCA1711069200,百度糯米11月视频制作代垫项目,native://nvid=39f4d274abddfa93:5278ce1a:1621d88d10a:-7feb?GROUP
WIBDHCA1803069300,Native Directory,WIBDHCA1803069300,百度糯米11月视频制作代垫项目（新）,native://nvid=39f4d274abddfa93:5278ce1a:1621d88d10a:-7fea?GROUP
WICFHSP1407028700,Native Directory,WICFHSP1407028700,测试项目1,native://nvid=39f4d274abddfa93:-7d87177c:161dfbd9ceb:-7fec?GROUP
WIDMHCA1803074800,Native Directory,WIDMHCA1803074800,项目E,native://nvid=39f4d274abddfa93:-6482dc65:1623c6f7acb:-7fe1?GROUP
WIDMHCD1803074300,Native Directory,WIDMHCD1803074300,项目A,native://nvid=39f4d274abddfa93:4d40dbe6:16237482f7a:-7ff4?GROUP
WIDMHCD1804087200,Native Directory,WIDMHCD1804087200,项目040901,native://nvid=096c305da8793a87:-78aa1d14:162a6061d95:-7ff4?GROUP
WIDMHCD1804095300,Native Directory,WIDMHCD1804095300,,native://nvid=096c305da8793a87:72d75222:16307dcc744:-7ff4?GROUP
WIDMHDJ1803074400,Native Directory,WIDMHDJ1803074400,项目B,native://nvid=39f4d274abddfa93:4d40dbe6:16237482f7a:-7ff3?GROUP
WIDMHDS1803068600,Native Directory,WIDMHDS1803068600,项目031202,native://nvid=39f4d274abddfa93:6a318d25:1621862e842:-7fe0?GROUP
WIDMHDS1803069600,Native Directory,WIDMHDS1803069600,Project01,native://nvid=39f4d274abddfa93:5278ce1a:1621d88d10a:-7fe8?GROUP
WIDMHRS1804094700,Native Directory,WIDMHRS1804094700,PBCS测试,native://nvid=096c305da8793a87:-17ff1dd2:162f86aea63:-7ff4?GROUP
WIDMHSP1803068400,Native Directory,WIDMHSP1803068400,项目0312GO,native://nvid=39f4d274abddfa93:6a318d25:1621862e842:-7fea?GROUP
WIDMHSP1805109200,Native Directory,WIDMHSP1805109200,项目12345,native://nvid=096c305da8793a87:70f2032c:16369b6f16c:-7ff4?GROUP
WIDMHST1701001109,Native Directory,WIDMHST1701001109,纽迪希亚全面管理-南中国-2017年9月,native://nvid=39f4d274abddfa93:35374884:16067ccd843:-7fe4?GROUP
WIDMHST1801080603,Native Directory,WIDMHST1801080603,纽迪希亚全面管理-南中国-2018年1月,native://nvid=39f4d274abddfa93:-77e3d7d0:16265a23a06:-7f7d?GROUP
WIFIHRS1803069500,Native Directory,WIFIHRS1803069500,接口的测试01,native://nvid=39f4d274abddfa93:5278ce1a:1621d88d10a:-7fe9?GROUP
WIGSKSP1705035900,Native Directory,WIGSKSP1705035900,Y17 GSK 5月牙医进店,native://nvid=096c305da8793a87:-e3aed8d:15fe28b84c3:-7feb?GROUP
WIHAGSP1407022700,Native Directory,WIHAGSP1407022700,测试项目2,native://nvid=096c305da8793a87:768311d0:1620134a359:-7fce?GROUP
WILPHSP1801082300,Native Directory,WILPHSP1801082300,欧莱雅1月SID,native://nvid=39f4d274abddfa93:68c058f6:1626fee5915:-7fd2?GROUP
WIMRHSP1804073100,Native Directory,WIMRHSP1804073100,测试项目0312,native://nvid=096c305da8793a87:72d75222:16307dcc744:-7ff3?GROUP
WINEHSP1404009400-1,Native Directory,WINEHSP1404009400-1,测试项目0321,native://nvid=39f4d274abddfa93:196d780e:16241956408:-7fdf?GROUP
WIPEHDS1803066900,Native Directory,WIPEHDS1803066900,系统集成测试项目,native://nvid=39f4d274abddfa93:-458eb85:16203c990fc:-7fdf?GROUP
WIPEHSP1801082400,Native Directory,WIPEHSP1801082400,Y18百事东区桂格CNY导购活动,native://nvid=39f4d274abddfa93:68c058f6:1626fee5915:-7fd5?GROUP
WIPEPHR1801076901,Native Directory,WIPEPHR1801076901,Y18百事人事外包-1月_1,native://nvid=39f4d274abddfa93:196d780e:16241956408:-7fe9?GROUP
WIPEPHR1803066603,Native Directory,WIPEPHR1803066603,百事食品人事外包项目3月_3,native://nvid=39f4d274abddfa93:-4688b653:161f97d0489:-7fe9?GROUP
WIPEPSP1803069100,Native Directory,WIPEPSP1803069100,百事,native://nvid=39f4d274abddfa93:5278ce1a:1621d88d10a:-7fec?GROUP
WIUNLSE1806153200,Native Directory,WIUNLSE1806153200,Y18 联合利华清扬世界杯区域延展活动,native://nvid=096c305da8793a87:-30dc47e:164d232f820:-7db9?GROUP
WIUNLSP1805081800,Native Directory,WIUNLSP1805081800,Y18联合利华多芬植萃沃尔玛5月店内活动,native://nvid=096c305da8793a87:7f5f38d3:164a3d94180:-7dba?GROUP
WIUNLSP1807151600,Native Directory,WIUNLSP1807151600,Y18 联合利华炫诗沃尔玛店内促销活动7-8月,native://nvid=096c305da8793a87:-7ec1019c:164d75940da:-7c70?GROUP
WIWALDS1803068700,Native Directory,WIWALDS1803068700,项目031205,native://nvid=39f4d274abddfa93:6a318d25:1621862e842:-7fdb?GROUP
WIYMHSP1804060400,Native Directory,WIYMHSP1804060400,Y18翡丽4月临促活动,native://nvid=39f4d274abddfa93:15436e4:16289b75d3e:-7fdc?GROUP
WIYNLSP1711075600,Native Directory,WIYNLSP1711075600,养乐多17年11月店促,native://nvid=39f4d274abddfa93:196d780e:16241956408:-7fed?GROUP
WIYNLST1803068303,Native Directory,WIYNLST1803068303,CRP0312_3,
PRJTEST20180730,Native Directory,PRJTEST20180730,项目测试20180730,



#group_children
id,group_id,group_provider,user_id,user_provider
1_AC,,,ac_lina@sina.com,LDAP_Directory_Provider
1_AC,,,ac_wangying@sina.com,LDAP_Directory_Provider
1_AC,,,plusu1,LDAP_Directory_Provider
1_AC,,,tim,LDAP_Directory_Provider



#group_children
id,group_id,group_provider,user_id,user_provider
1_AC_Approve,,,bin.gu@mecoolchina.cn,LDAP_Directory_Provider
1_AC_Approve,,,tim,LDAP_Directory_Provider



#group_children
id,group_id,group_provider,user_id,user_provider
1_AC_Review,,,alin.zhang@mecoolchina.cn,LDAP_Directory_Provider
1_AC_Review,,,colin.zhong@mecoolchina.cn,LDAP_Directory_Provider
1_AC_Review,,,jia.zhu1@mecoolchina.cn,LDAP_Directory_Provider
1_AC_Review,,,leo.liu@mecoolchina.cn,LDAP_Directory_Provider
1_AC_Review,,,michael.wei@mecoolchina.cn,LDAP_Directory_Provider
1_AC_Review,,,min.xia@mecoolchina.cn,LDAP_Directory_Provider
1_AC_Review,,,sally.zhao@harvestchina.cn,LDAP_Directory_Provider
1_AC_Review,,,summer.wang@mecoolchina.cn,LDAP_Directory_Provider
1_AC_Review,,,vicky.chen@winningidea.com.cn,LDAP_Directory_Provider
1_AC_Review,,,vivian.zhu@mecoolchina.cn,LDAP_Directory_Provider



#group_children
id,group_id,group_provider,user_id,user_provider
1_AC_Write,,,Kelly.wang@mecoolchina.cn,LDAP_Directory_Provider
1_AC_Write,,,ac_lina@sina.com,LDAP_Directory_Provider
1_AC_Write,,,ac_wangying@sina.com,LDAP_Directory_Provider
1_AC_Write,,,akira.su@harvestchina.cn,LDAP_Directory_Provider
1_AC_Write,,,alice.chen@mecoolchina.cn,LDAP_Directory_Provider
1_AC_Write,,,ann.huang@harvestchina.cn,LDAP_Directory_Provider
1_AC_Write,,,ann.huang@mecoolchina.cn,LDAP_Directory_Provider
1_AC_Write,,,anton.xie@winningidea.com.cn,LDAP_Directory_Provider
1_AC_Write,,,baoying.xie@mecoolchina.cn,LDAP_Directory_Provider
1_AC_Write,,,bei.jiang@mecoolchina.cn,LDAP_Directory_Provider
1_AC_Write,,,beiyi.lu@mecoolchina.cn,LDAP_Directory_Provider
1_AC_Write,,,benson.hu@mecoolchina.cn,LDAP_Directory_Provider
1_AC_Write,,,bin.xia@mecoolchina.cn,LDAP_Directory_Provider
1_AC_Write,,,borui.chen@harvestchina.cn,LDAP_Directory_Provider
1_AC_Write,,,candy.cao@mecoolchina.cn,LDAP_Directory_Provider
1_AC_Write,,,cathy.chen@mecoolchina.cn,LDAP_Directory_Provider
1_AC_Write,,,celia.shao@harvestchina.cn,LDAP_Directory_Provider
1_AC_Write,,,changrui.ma@mecoolchina.cn,LDAP_Directory_Provider
1_AC_Write,,,chen.zhao@winningidea.com.cn,LDAP_Directory_Provider
1_AC_Write,,,chenjuan.ni@harvestchina.cn,LDAP_Directory_Provider
1_AC_Write,,,chenyi.yan@harvestchina.cn,LDAP_Directory_Provider
1_AC_Write,,,christina.shen@harvestchina.cn,LDAP_Directory_Provider
1_AC_Write,,,cookie.yang@mecoolchina.cn,LDAP_Directory_Provider
1_AC_Write,,,dan.he@mecoolchina.cn,LDAP_Directory_Provider
1_AC_Write,,,dan.zhao@mecoolchina.cn,LDAP_Directory_Provider
1_AC_Write,,,dongxue.wang@mecoolchina.cn,LDAP_Directory_Provider
1_AC_Write,,,elaine.hong@mecoolchina.cn,LDAP_Directory_Provider
1_AC_Write,,,fangfang.ou@mecoolchina.cn,LDAP_Directory_Provider
1_AC_Write,,,fei.chen@mecoolchina.cn,LDAP_Directory_Provider
1_AC_Write,,,fei.ma1@mecoolchina.cn,LDAP_Directory_Provider
1_AC_Write,,,fei.xia@mecoolchina.cn,LDAP_Directory_Provider
1_AC_Write,,,gordon.kuang@mecoolchina.cn,LDAP_Directory_Provider
1_AC_Write,,,grace.sun@winningidea.com.cn,LDAP_Directory_Provider
1_AC_Write,,,guangsi.he@mecoolchina.cn,LDAP_Directory_Provider
1_AC_Write,,,guangwei.hu@winningidea.com.cn,LDAP_Directory_Provider
1_AC_Write,,,haddy.lee@mecoolchina.cn,LDAP_Directory_Provider
1_AC_Write,,,haijuan.lu@mecoolchina.cn,LDAP_Directory_Provider
1_AC_Write,,,haijuan.ma@mecoolchina.cn,LDAP_Directory_Provider
1_AC_Write,,,hailong.li@mecoolchina.cn,LDAP_Directory_Provider
1_AC_Write,,,haoyang.li@mecoolchina.cn,LDAP_Directory_Provider
1_AC_Write,,,hengfen.wu@mecoolchina.cn,LDAP_Directory_Provider
1_AC_Write,,,hongyan.jiang@mecoolchina.cn,LDAP_Directory_Provider
1_AC_Write,,,hongyang.yu@mecoolchina.cn,LDAP_Directory_Provider
1_AC_Write,,,huajie.xie@mecoolchina.cn,LDAP_Directory_Provider
1_AC_Write,,,huan.yu@mecoolchina.cn,LDAP_Directory_Provider
1_AC_Write,,,huayong.sheng@mecoolchina.cn,LDAP_Directory_Provider
1_AC_Write,,,huilin.liang@nuoshengmkt.com,LDAP_Directory_Provider
1_AC_Write,,,huixia.chen@mecoolchina.cn,LDAP_Directory_Provider
1_AC_Write,,,ivan.shuai@mecoolchina.cn,LDAP_Directory_Provider
1_AC_Write,,,ives.cao@mecoolchina.cn,LDAP_Directory_Provider
1_AC_Write,,,ivy.xu@mecoolchina.cn,LDAP_Directory_Provider
1_AC_Write,,,jaile.xu@mecoolchina.cn,LDAP_Directory_Provider
1_AC_Write,,,jan.yang@mecoolchina.cn,LDAP_Directory_Provider
1_AC_Write,,,jasmine.fan@winningidea.com.cn,LDAP_Directory_Provider
1_AC_Write,,,jessica.li@mecoolchina.cn,LDAP_Directory_Provider
1_AC_Write,,,jia.yao@winningidea.com.cn,LDAP_Directory_Provider
1_AC_Write,,,jiahong.shu@winningidea.com.cn,LDAP_Directory_Provider
1_AC_Write,,,jiahui.ding@mecoolchina.cn,LDAP_Directory_Provider
1_AC_Write,,,jiajian.he@mecoolchina.cn,LDAP_Directory_Provider
1_AC_Write,,,jian.tang@mecoolchina.cn,LDAP_Directory_Provider
1_AC_Write,,,jiawen.ke@mecoolchina.cn,LDAP_Directory_Provider
1_AC_Write,,,jiemiao.lin@mecoolchina.cn,LDAP_Directory_Provider
1_AC_Write,,,jieqiong.zhang@winningidea.com.cn,LDAP_Directory_Provider
1_AC_Write,,,jinfeng.liang@mecoolchina.cn,LDAP_Directory_Provider
1_AC_Write,,,jing.wu@mecoolchina.cn,LDAP_Directory_Provider
1_AC_Write,,,jingfu.zhang@mecoolchina.cn,LDAP_Directory_Provider
1_AC_Write,,,jingjing.ni@mecoolchina.cn,LDAP_Directory_Provider
1_AC_Write,,,jingwen.su@mecoolchina.cn,LDAP_Directory_Provider
1_AC_Write,,,jingyi.lan@mecoolchina.cn,LDAP_Directory_Provider
1_AC_Write,,,jingyue.zhang@mecoolchina.cn,LDAP_Directory_Provider
1_AC_Write,,,jinyu.huang@winningidea.com.cn,LDAP_Directory_Provider
1_AC_Write,,,julia.zhu@mecoolchina.cn,LDAP_Directory_Provider
1_AC_Write,,,jun.jiang@winningidea.com.cn,LDAP_Directory_Provider
1_AC_Write,,,junea.shen@mecoolchina.cn,LDAP_Directory_Provider
1_AC_Write,,,junwen.dai@mecoolchina.cn,LDAP_Directory_Provider
1_AC_Write,,,kina.lou@winningidea.com.cn,LDAP_Directory_Provider
1_AC_Write,,,landy.ma@mecoolchina.cn,LDAP_Directory_Provider
1_AC_Write,,,lei.xu2@mecoolchina.cn,LDAP_Directory_Provider
1_AC_Write,,,leiqiu.ren@winningidea.com.cn,LDAP_Directory_Provider
1_AC_Write,,,li.li@mecoolchina.cn,LDAP_Directory_Provider
1_AC_Write,,,li.lin@mecoolchina.cn,LDAP_Directory_Provider
1_AC_Write,,,li.zhang2@mecoolchina.cn,LDAP_Directory_Provider
1_AC_Write,,,lihui.xia@mecoolchina.cn,LDAP_Directory_Provider
1_AC_Write,,,ling.han@mecoolchina.cn,LDAP_Directory_Provider
1_AC_Write,,,lingyun.zhang@mecoolchina.cn,LDAP_Directory_Provider
1_AC_Write,,,lisa.qin@mecoolchina.cn,LDAP_Directory_Provider
1_AC_Write,,,liying.zheng@mecoolchina.cn,LDAP_Directory_Provider
1_AC_Write,,,lu.chen@mecoolchina.cn,LDAP_Directory_Provider
1_AC_Write,,,lu.yu@mecoolchina.cn,LDAP_Directory_Provider
1_AC_Write,,,manhua.ying@hand-china.com,LDAP_Directory_Provider
1_AC_Write,,,megan.liu@mecoolchina.cn,LDAP_Directory_Provider
1_AC_Write,,,meilin.yan@mecoolchina.cn,LDAP_Directory_Provider
1_AC_Write,,,meiting.lu@mecoolchina.cn,LDAP_Directory_Provider
1_AC_Write,,,miaojia.chen@mecoolchina.cn,LDAP_Directory_Provider
1_AC_Write,,,mickey.zhou@mecoolchina.cn,LDAP_Directory_Provider
1_AC_Write,,,min.nie@winningidea.com.cn,LDAP_Directory_Provider
1_AC_Write,,,ming.chen@mecoolchina.cn,LDAP_Directory_Provider
1_AC_Write,,,mingming.zhao@mecoolchina.cn,LDAP_Directory_Provider
1_AC_Write,,,minting.liao@mecoolchina.cn,LDAP_Directory_Provider
1_AC_Write,,,minwen.fei@mecoolchina.cn,LDAP_Directory_Provider
1_AC_Write,,,miya.dai@mecoolchina.cn,LDAP_Directory_Provider
1_AC_Write,,,miya.zhang@mecoolchina.cn,LDAP_Directory_Provider
1_AC_Write,,,na.li@mecoolchina.cn,LDAP_Directory_Provider
1_AC_Write,,,ni.sun@winningidea.com.cn,LDAP_Directory_Provider
1_AC_Write,,,nijuan.cai@mecoolchina.cn,LDAP_Directory_Provider
1_AC_Write,,,owen.hong@mecoolchina.cn,LDAP_Directory_Provider
1_AC_Write,,,paul.wang@harvestchina.cn,LDAP_Directory_Provider
1_AC_Write,,,peng.li@mecoolchina.cn,LDAP_Directory_Provider
1_AC_Write,,,phoebe.wang@mecoolchina.cn,LDAP_Directory_Provider
1_AC_Write,,,plusu1,LDAP_Directory_Provider
1_AC_Write,,,qingqing.liu@mecoolchina.cn,LDAP_Directory_Provider
1_AC_Write,,,qingyun.ye@mecoolchina.cn,LDAP_Directory_Provider
1_AC_Write,,,qirong.zhang@nuoshengmkt.com,LDAP_Directory_Provider
1_AC_Write,,,rong.zhou1@nuoshengmkt.com,LDAP_Directory_Provider
1_AC_Write,,,rongxian.li@mecoolchina.cn,LDAP_Directory_Provider
1_AC_Write,,,rui.fang@mecoolchina.cn,LDAP_Directory_Provider
1_AC_Write,,,ruijun.tao@mecoolchina.cn,LDAP_Directory_Provider
1_AC_Write,,,sammi.wu@mecoolchina.cn,LDAP_Directory_Provider
1_AC_Write,,,shan.huang@mecoolchina.cn,LDAP_Directory_Provider
1_AC_Write,,,shangshang.zhang@harvestchina.cn,LDAP_Directory_Provider
1_AC_Write,,,shaoji.liu@winningidea.com.cn,LDAP_Directory_Provider
1_AC_Write,,,shaoling.chen@mecoolchina.cn,LDAP_Directory_Provider
1_AC_Write,,,shimeng.zhao@mecoolchina.cn,LDAP_Directory_Provider
1_AC_Write,,,shiqi.li@winningidea.com.cn,LDAP_Directory_Provider
1_AC_Write,,,shuling.chen@mecoolchina.cn,LDAP_Directory_Provider
1_AC_Write,,,shungang.sun@mecoolchina.cn,LDAP_Directory_Provider
1_AC_Write,,,si.shi@winningidea.com.cn,LDAP_Directory_Provider
1_AC_Write,,,sijie.xu@mecoolchina.cn,LDAP_Directory_Provider
1_AC_Write,,,sufei.hui@mecoolchina.cn,LDAP_Directory_Provider
1_AC_Write,,,sunny.zhou@winningidea.com.cn,LDAP_Directory_Provider
1_AC_Write,,,suping.zhang@mecoolchina.cn,LDAP_Directory_Provider
1_AC_Write,,,tim,LDAP_Directory_Provider
1_AC_Write,,,tongxin.tan@winningidea.com.cn,LDAP_Directory_Provider
1_AC_Write,,,toni.zheng@mecoolchina.cn,LDAP_Directory_Provider
1_AC_Write,,,wanli.chen@winningidea.com.cn,LDAP_Directory_Provider
1_AC_Write,,,wanqiong.mai@mecoolchina.cn,LDAP_Directory_Provider
1_AC_Write,,,wei.zhang5@mecoolchina.cn,LDAP_Directory_Provider
1_AC_Write,,,weicheng.yang@nuoshengmkt.com,LDAP_Directory_Provider
1_AC_Write,,,wen.chen@winningidea.com.cn,LDAP_Directory_Provider
1_AC_Write,,,wen.wen@mecoolchina.cn,LDAP_Directory_Provider
1_AC_Write,,,wenxuan.lu@mecoolchina.cn,LDAP_Directory_Provider
1_AC_Write,,,xiao.yuan@mecoolchina.cn,LDAP_Directory_Provider
1_AC_Write,,,xiaoqin.li@winningidea.com.cn,LDAP_Directory_Provider
1_AC_Write,,,xiaowei.wu@winningidea.com.cn,LDAP_Directory_Provider
1_AC_Write,,,xiaoyan.su@mecoolchina.cn,LDAP_Directory_Provider
1_AC_Write,,,xinchao.shan@winningidea.com.cn,LDAP_Directory_Provider
1_AC_Write,,,xinran.li@mecoolchina.cn,LDAP_Directory_Provider
1_AC_Write,,,xiya.wang@mecoolchina.cn,LDAP_Directory_Provider
1_AC_Write,,,xuan.you@mecoolchina.cn,LDAP_Directory_Provider
1_AC_Write,,,xue.li4@mecoolchina.cn,LDAP_Directory_Provider
1_AC_Write,,,xuepeng.wang@harvestchina.cn,LDAP_Directory_Provider
1_AC_Write,,,ya.chen@mecoolchina.cn,LDAP_Directory_Provider
1_AC_Write,,,yali.tang@mecoolchina.cn,LDAP_Directory_Provider
1_AC_Write,,,yan.zhang8@mecoolchina.cn,LDAP_Directory_Provider
1_AC_Write,,,yanqun.zou@mecoolchina.cn,LDAP_Directory_Provider
1_AC_Write,,,yating.gao@mecoolchina.cn,LDAP_Directory_Provider
1_AC_Write,,,yating.liang@mecoolchina.cn,LDAP_Directory_Provider
1_AC_Write,,,yating.zhuang@mecoolchina.cn,LDAP_Directory_Provider
1_AC_Write,,,yawen.yuan@winningidea.com.cn,LDAP_Directory_Provider
1_AC_Write,,,ye.qiu@mecoolchina.cn,LDAP_Directory_Provider
1_AC_Write,,,yi.zhang5@mecoolchina.cn,LDAP_Directory_Provider
1_AC_Write,,,yiming.sheng@harvestchina.cn,LDAP_Directory_Provider
1_AC_Write,,,ying.jin@mecoolchina.cn,LDAP_Directory_Provider
1_AC_Write,,,ying.wang@winningidea.com.cn,LDAP_Directory_Provider
1_AC_Write,,,yinyi.liao@mecoolchina.cn,LDAP_Directory_Provider
1_AC_Write,,,yiwen.weng@winningidea.com.cn,LDAP_Directory_Provider
1_AC_Write,,,yiyin.gan@harvestchina.cn,LDAP_Directory_Provider
1_AC_Write,,,yong.ding@mecoolchina.cn,LDAP_Directory_Provider
1_AC_Write,,,yuan.liu2@mecoolchina.cn,LDAP_Directory_Provider
1_AC_Write,,,yue.xi@winningidea.com.cn,LDAP_Directory_Provider
1_AC_Write,,,yuelan.feng@mecoolchina.cn,LDAP_Directory_Provider
1_AC_Write,,,yufeng.cai@mecoolchina.cn,LDAP_Directory_Provider
1_AC_Write,,,yunyuan.wu@mecoolchina.cn,LDAP_Directory_Provider
1_AC_Write,,,yuye.li@mecoolchina.cn,LDAP_Directory_Provider
1_AC_Write,,,zhengyi.yang@mecoolchina.cn,LDAP_Directory_Provider
1_AC_Write,,,zhibin.wang@mecoolchina.cn,LDAP_Directory_Provider
1_AC_Write,,,zhiwen.gao@mecoolchina.cn,LDAP_Directory_Provider
1_AC_Write,,,haoran.shi@hand-china.com,LDAP_Directory_Provider



#group_children
id,group_id,group_provider,user_id,user_provider
2_PM,,,plusu2,LDAP_Directory_Provider
2_PM,,,pm_hanlingling@sina.com,LDAP_Directory_Provider
2_PM,,,pm_liuni@sina.com,LDAP_Directory_Provider
2_PM,,,tim,LDAP_Directory_Provider



#group_children
id,group_id,group_provider,user_id,user_provider
2_PM_Approve,,,hui.cheng@mecoolchina.cn,LDAP_Directory_Provider
2_PM_Approve,,,tim,LDAP_Directory_Provider



#group_children
id,group_id,group_provider,user_id,user_provider
2_PM_Review,,,mark.he@mecoolchina.cn,LDAP_Directory_Provider
2_PM_Review,,,plusu3,LDAP_Directory_Provider



#group_children
id,group_id,group_provider,user_id,user_provider
2_PM_Write,,,akira.su@harvestchina.cn,LDAP_Directory_Provider
2_PM_Write,,,ann.huang@harvestchina.cn,LDAP_Directory_Provider
2_PM_Write,,,celia.shao@harvestchina.cn,LDAP_Directory_Provider
2_PM_Write,,,ean.chen@mecoolchina.cn,LDAP_Directory_Provider
2_PM_Write,,,fei.chen@mecoolchina.cn,LDAP_Directory_Provider
2_PM_Write,,,fengyan.xu@mecoolchina.cn,LDAP_Directory_Provider
2_PM_Write,,,gordon.kuang@mecoolchina.cn,LDAP_Directory_Provider
2_PM_Write,,,haoru.zhou@mecoolchina.cn,LDAP_Directory_Provider
2_PM_Write,,,haoyang.li@mecoolchina.cn,LDAP_Directory_Provider
2_PM_Write,,,huajie.xie@mecoolchina.cn,LDAP_Directory_Provider
2_PM_Write,,,huilin.liang@nuoshengmkt.com,LDAP_Directory_Provider
2_PM_Write,,,jan.yang@mecoolchina.cn,LDAP_Directory_Provider
2_PM_Write,,,jia.liu3@mecoolchina.cn,LDAP_Directory_Provider
2_PM_Write,,,jiang.li2@mecoolchina.cn,LDAP_Directory_Provider
2_PM_Write,,,jiaxi.wang@mecoolchina.cn,LDAP_Directory_Provider
2_PM_Write,,,jin.xu1@mecoolchina.cn,LDAP_Directory_Provider
2_PM_Write,,,jingjing.gao2@mecoolchina.cn,LDAP_Directory_Provider
2_PM_Write,,,jingjing.ni@mecoolchina.cn,LDAP_Directory_Provider
2_PM_Write,,,jingyi.lan@mecoolchina.cn,LDAP_Directory_Provider
2_PM_Write,,,jun.hu@mecoolchina.cn,LDAP_Directory_Provider
2_PM_Write,,,jun.jiang@winningidea.com.cn,LDAP_Directory_Provider
2_PM_Write,,,junwen.dai@mecoolchina.cn,LDAP_Directory_Provider
2_PM_Write,,,kelly.liu@mecoolchina.cn,LDAP_Directory_Provider
2_PM_Write,,,lanfang.liu@mecoolchina.cn,LDAP_Directory_Provider
2_PM_Write,,,lijie.liao@mecoolchina.cn,LDAP_Directory_Provider
2_PM_Write,,,lin.lin@winningidea.com.cn,LDAP_Directory_Provider
2_PM_Write,,,lingling.han@mecoolchina.cn,LDAP_Directory_Provider
2_PM_Write,,,mark.he@mecoolchina.cn,LDAP_Directory_Provider
2_PM_Write,,,meggie.han@mecoolchina.cn,LDAP_Directory_Provider
2_PM_Write,,,mei.li3@mecoolchina.cn,LDAP_Directory_Provider
2_PM_Write,,,meifang.jin@mecoolchina.cn,LDAP_Directory_Provider
2_PM_Write,,,meilin.yan@mecoolchina.cn,LDAP_Directory_Provider
2_PM_Write,,,mickey.zhou@mecoolchina.cn,LDAP_Directory_Provider
2_PM_Write,,,minting.liao@mecoolchina.cn,LDAP_Directory_Provider
2_PM_Write,,,miya.dai@mecoolchina.cn,LDAP_Directory_Provider
2_PM_Write,,,ni.liu@mecoolchina.cn,LDAP_Directory_Provider
2_PM_Write,,,paul.wang@harvestchina.cn,LDAP_Directory_Provider
2_PM_Write,,,peng.li@mecoolchina.cn,LDAP_Directory_Provider
2_PM_Write,,,plusu1,LDAP_Directory_Provider
2_PM_Write,,,plusu2,LDAP_Directory_Provider
2_PM_Write,,,plusu3,LDAP_Directory_Provider
2_PM_Write,,,pm_hanlingling@sina.com,LDAP_Directory_Provider
2_PM_Write,,,pm_liuni@sina.com,LDAP_Directory_Provider
2_PM_Write,,,qing.liu@winningidea.com.cn,LDAP_Directory_Provider
2_PM_Write,,,qingyun.ye@mecoolchina.cn,LDAP_Directory_Provider
2_PM_Write,,,sammi.wu@mecoolchina.cn,LDAP_Directory_Provider
2_PM_Write,,,shungang.sun@mecoolchina.cn,LDAP_Directory_Provider
2_PM_Write,,,weicheng.yang@nuoshengmkt.com,LDAP_Directory_Provider
2_PM_Write,,,wenling.fan@winningidea.com.cn,LDAP_Directory_Provider
2_PM_Write,,,wenshan.dai@mecoolchina.cn,LDAP_Directory_Provider
2_PM_Write,,,wenxuan.lu@mecoolchina.cn,LDAP_Directory_Provider
2_PM_Write,,,xiaofen.chen@mecoolchina.cn,LDAP_Directory_Provider
2_PM_Write,,,xipeng.song@mecoolchina.cn,LDAP_Directory_Provider
2_PM_Write,,,xiuli.duan@mecoolchina.cn,LDAP_Directory_Provider
2_PM_Write,,,xueyuan.xu@winningidea.com.cn,LDAP_Directory_Provider
2_PM_Write,,,yanqing.gu@mecoolchina.cn,LDAP_Directory_Provider
2_PM_Write,,,yiming.sheng@harvestchina.cn,LDAP_Directory_Provider
2_PM_Write,,,yong.ding@mecoolchina.cn,LDAP_Directory_Provider
2_PM_Write,,,yuhua.guo@mecoolchina.cn,LDAP_Directory_Provider
2_PM_Write,,,yunyuan.wu@mecoolchina.cn,LDAP_Directory_Provider
2_PM_Write,,,yuye.li@mecoolchina.cn,LDAP_Directory_Provider
2_PM_Write,,,zhongqi.yang@mecoolchina.cn,LDAP_Directory_Provider



#group_children
id,group_id,group_provider,user_id,user_provider
3_AUDIT_AC,,,plusu3,LDAP_Directory_Provider
3_AUDIT_AC,,,sj_tingting@sina.com,LDAP_Directory_Provider



#group_children
id,group_id,group_provider,user_id,user_provider
3_AUDIT_PM,,,plusu2,LDAP_Directory_Provider



#group_children
id,group_id,group_provider,user_id,user_provider
3_BOSS,,,jack.xu@mecoolchina.cn,LDAP_Directory_Provider
3_BOSS,,,mark.he@mecoolchina.cn,LDAP_Directory_Provider
3_BOSS,,,sj_tingting@sina.com,LDAP_Directory_Provider
3_BOSS,,,tim,LDAP_Directory_Provider



#group_children
id,group_id,group_provider,user_id,user_provider
20180710,,,manhua.ying@hand-china.com,LDAP_Directory_Provider



#group_children
id,group_id,group_provider,user_id,user_provider
AllProject,,,ac_wangying@sina.com,LDAP_Directory_Provider
AllProject,3_AUDIT_AC,Native Directory,,



#group_children
id,group_id,group_provider,user_id,user_provider
HVDPHOT1707081000,,,leiqiu.ren@winningidea.com.cn,LDAP_Directory_Provider
HVDPHOT1707081000,,,manhua.ying@hand-china.com,LDAP_Directory_Provider
HVDPHOT1707081000,,,plusu1,LDAP_Directory_Provider
HVDPHOT1707081000,,,plusu2,LDAP_Directory_Provider
HVDPHOT1707081000,,,plusu3,LDAP_Directory_Provider
HVDPHOT1707081000,,,sj_tingting@sina.com,LDAP_Directory_Provider
HVDPHOT1707081000,,,tim,LDAP_Directory_Provider
HVDPHOT1707081000,,,yuhua.guo@mecoolchina.cn,LDAP_Directory_Provider



#group_children
id,group_id,group_provider,user_id,user_provider
HVHEHSP1708092800,,,ac_lina@sina.com,LDAP_Directory_Provider
HVHEHSP1708092800,,,plusu1,LDAP_Directory_Provider
HVHEHSP1708092800,,,plusu2,LDAP_Directory_Provider
HVHEHSP1708092800,,,plusu3,LDAP_Directory_Provider
HVHEHSP1708092800,,,pm_liuni@sina.com,LDAP_Directory_Provider
HVHEHSP1708092800,,,sj_tingting@sina.com,LDAP_Directory_Provider



#group_children
id,group_id,group_provider,user_id,user_provider
HVHEHSP1807153400,,,jia.liu3@mecoolchina.cn,LDAP_Directory_Provider
HVHEHSP1807153400,,,jiangwei.guo@mecoolchina.cn,LDAP_Directory_Provider
HVHEHSP1807153400,,,lisa.li@harvestchina.cn,LDAP_Directory_Provider
HVHEHSP1807153400,,,ni.liu@mecoolchina.cn,LDAP_Directory_Provider



#group_children
id,group_id,group_provider,user_id,user_provider
MCDAHSP1404009605,,,ac_wangying@sina.com,LDAP_Directory_Provider
MCDAHSP1404009605,,,manhua.ying@hand-china.com,LDAP_Directory_Provider
MCDAHSP1404009605,,,plusu1,LDAP_Directory_Provider
MCDAHSP1404009605,,,plusu2,LDAP_Directory_Provider
MCDAHSP1404009605,,,plusu3,LDAP_Directory_Provider
MCDAHSP1404009605,,,pm_hanlingling@sina.com,LDAP_Directory_Provider
MCDAHSP1404009605,,,sj_tingting@sina.com,LDAP_Directory_Provider
MCDAHSP1404009605,,,tim,LDAP_Directory_Provider



#group_children
id,group_id,group_provider,user_id,user_provider
MCDAHSP1404009607,,,ac_lina@sina.com,LDAP_Directory_Provider
MCDAHSP1404009607,,,ac_wangying@sina.com,LDAP_Directory_Provider
MCDAHSP1404009607,,,plusu1,LDAP_Directory_Provider
MCDAHSP1404009607,,,plusu2,LDAP_Directory_Provider
MCDAHSP1404009607,,,plusu3,LDAP_Directory_Provider
MCDAHSP1404009607,,,pm_hanlingling@sina.com,LDAP_Directory_Provider
MCDAHSP1404009607,,,pm_liuni@sina.com,LDAP_Directory_Provider
MCDAHSP1404009607,,,sj_tingting@sina.com,LDAP_Directory_Provider
MCDAHSP1404009607,,,tim,LDAP_Directory_Provider



#group_children
id,group_id,group_provider,user_id,user_provider
MCPGHSP1406024300,,,plusu1,LDAP_Directory_Provider
MCPGHSP1406024300,,,plusu2,LDAP_Directory_Provider
MCPGHSP1406024300,,,plusu3,LDAP_Directory_Provider
MCPGHSP1406024300,,,sj_tingting@sina.com,LDAP_Directory_Provider
MCPGHSP1406024300,,,tim,LDAP_Directory_Provider



#group_children
id,group_id,group_provider,user_id,user_provider
MSGXYCD1804094800,,,jun.jiang@winningidea.com.cn,LDAP_Directory_Provider
MSGXYCD1804094800,,,zhongqi.yang@mecoolchina.cn,LDAP_Directory_Provider



#group_children
id,group_id,group_provider,user_id,user_provider
MSHMXSP1803080200,,,jingfu.zhang@mecoolchina.cn,LDAP_Directory_Provider
MSHMXSP1803080200,,,plusu1,LDAP_Directory_Provider
MSHMXSP1803080200,,,plusu2,LDAP_Directory_Provider
MSHMXSP1803080200,,,plusu3,LDAP_Directory_Provider
MSHMXSP1803080200,,,sj_tingting@sina.com,LDAP_Directory_Provider
MSHMXSP1803080200,,,tim,LDAP_Directory_Provider
MSHMXSP1803080200,,,yuan.liu2@mecoolchina.cn,LDAP_Directory_Provider



#group_children
id,group_id,group_provider,user_id,user_provider
MSMJHRS1808162100,,,jiangwei.guo@mecoolchina.cn,LDAP_Directory_Provider
MSMJHRS1808162100,,,jingfu.zhang@mecoolchina.cn,LDAP_Directory_Provider
MSMJHRS1808162100,,,lin.lin@winningidea.com.cn,LDAP_Directory_Provider
MSMJHRS1808162100,,,yuelan.feng@mecoolchina.cn,LDAP_Directory_Provider



#group_children
id,group_id,group_provider,user_id,user_provider
MSMKDSP1709081200,,,plusu1,LDAP_Directory_Provider
MSMKDSP1709081200,,,plusu2,LDAP_Directory_Provider
MSMKDSP1709081200,,,plusu3,LDAP_Directory_Provider
MSMKDSP1709081200,,,sj_tingting@sina.com,LDAP_Directory_Provider
MSMKDSP1709081200,,,tim,LDAP_Directory_Provider
MSMKDSP1709081200,,,ye.qiu@mecoolchina.cn,LDAP_Directory_Provider
MSMKDSP1709081200,,,zhongqi.yang@mecoolchina.cn,LDAP_Directory_Provider



#group_children
id,group_id,group_provider,user_id,user_provider
MSMKDSP1709082100,,,plusu1,LDAP_Directory_Provider
MSMKDSP1709082100,,,plusu2,LDAP_Directory_Provider
MSMKDSP1709082100,,,plusu3,LDAP_Directory_Provider
MSMKDSP1709082100,,,sj_tingting@sina.com,LDAP_Directory_Provider
MSMKDSP1709082100,,,tim,LDAP_Directory_Provider
MSMKDSP1709082100,,,ye.qiu@mecoolchina.cn,LDAP_Directory_Provider
MSMKDSP1709082100,,,zhongqi.yang@mecoolchina.cn,LDAP_Directory_Provider



#group_children
id,group_id,group_provider,user_id,user_provider
MSMRHSP1705043100,,,ac_lina@sina.com,LDAP_Directory_Provider
MSMRHSP1705043100,,,plusu1,LDAP_Directory_Provider
MSMRHSP1705043100,,,plusu2,LDAP_Directory_Provider
MSMRHSP1705043100,,,plusu3,LDAP_Directory_Provider
MSMRHSP1705043100,,,sj_tingting@sina.com,LDAP_Directory_Provider
MSMRHSP1705043100,,,tim,LDAP_Directory_Provider



#group_children
id,group_id,group_provider,user_id,user_provider
MSMWCSP1710077500,,,plusu1,LDAP_Directory_Provider
MSMWCSP1710077500,,,plusu2,LDAP_Directory_Provider
MSMWCSP1710077500,,,plusu3,LDAP_Directory_Provider
MSMWCSP1710077500,,,shaoling.chen@mecoolchina.cn,LDAP_Directory_Provider
MSMWCSP1710077500,,,sj_tingting@sina.com,LDAP_Directory_Provider
MSMWCSP1710077500,,,tim,LDAP_Directory_Provider
MSMWCSP1710077500,,,zhongqi.yang@mecoolchina.cn,LDAP_Directory_Provider



#group_children
id,group_id,group_provider,user_id,user_provider
MSMWCSP1802081500,,,plusu1,LDAP_Directory_Provider
MSMWCSP1802081500,,,plusu2,LDAP_Directory_Provider
MSMWCSP1802081500,,,plusu3,LDAP_Directory_Provider
MSMWCSP1802081500,,,qing.liu@winningidea.com.cn,LDAP_Directory_Provider
MSMWCSP1802081500,,,shaoling.chen@mecoolchina.cn,LDAP_Directory_Provider
MSMWCSP1802081500,,,sj_tingting@sina.com,LDAP_Directory_Provider
MSMWCSP1802081500,,,tim,LDAP_Directory_Provider
MSMWCSP1802081500,,,xiaofen.chen@mecoolchina.cn,LDAP_Directory_Provider



#group_children
id,group_id,group_provider,user_id,user_provider
MSMWCSP1803077800,,,cookie.yang@mecoolchina.cn,LDAP_Directory_Provider
MSMWCSP1803077800,,,plusu1,LDAP_Directory_Provider
MSMWCSP1803077800,,,plusu2,LDAP_Directory_Provider
MSMWCSP1803077800,,,plusu3,LDAP_Directory_Provider
MSMWCSP1803077800,,,qing.liu@winningidea.com.cn,LDAP_Directory_Provider
MSMWCSP1803077800,,,sj_tingting@sina.com,LDAP_Directory_Provider
MSMWCSP1803077800,,,tim,LDAP_Directory_Provider



#group_children
id,group_id,group_provider,user_id,user_provider
MSMWCSP1803082900,,,haoran.shi@hand-china.com,LDAP_Directory_Provider
MSMWCSP1803082900,,,jiawen.ke@mecoolchina.cn,LDAP_Directory_Provider
MSMWCSP1803082900,,,lu.yu@mecoolchina.cn,LDAP_Directory_Provider
MSMWCSP1803082900,,,plusu1,LDAP_Directory_Provider
MSMWCSP1803082900,,,plusu2,LDAP_Directory_Provider
MSMWCSP1803082900,,,plusu3,LDAP_Directory_Provider
MSMWCSP1803082900,,,qing.liu@winningidea.com.cn,LDAP_Directory_Provider
MSMWCSP1803082900,,,sj_tingting@sina.com,LDAP_Directory_Provider
MSMWCSP1803082900,,,tim,LDAP_Directory_Provider



#group_children
id,group_id,group_provider,user_id,user_provider
MSMWCSP1803083000,,,fangfang.ou@mecoolchina.cn,LDAP_Directory_Provider
MSMWCSP1803083000,,,plusu1,LDAP_Directory_Provider
MSMWCSP1803083000,,,plusu2,LDAP_Directory_Provider
MSMWCSP1803083000,,,plusu3,LDAP_Directory_Provider
MSMWCSP1803083000,,,qing.liu@winningidea.com.cn,LDAP_Directory_Provider
MSMWCSP1803083000,,,sj_tingting@sina.com,LDAP_Directory_Provider
MSMWCSP1803083000,,,tim,LDAP_Directory_Provider



#group_children
id,group_id,group_provider,user_id,user_provider
MSMWHSP1808152800,,,ean.chen@mecoolchina.cn,LDAP_Directory_Provider
MSMWHSP1808152800,,,grace.sun@winningidea.com.cn,LDAP_Directory_Provider
MSMWHSP1808152800,,,ivy.xu@mecoolchina.cn,LDAP_Directory_Provider
MSMWHSP1808152800,,,jiangwei.guo@mecoolchina.cn,LDAP_Directory_Provider
MSMWHSP1808152800,,,shaoling.chen@mecoolchina.cn,LDAP_Directory_Provider
MSMWHSP1808152800,,,wenshan.dai@mecoolchina.cn,LDAP_Directory_Provider
MSMWHSP1808152800,,,xiaofen.chen@mecoolchina.cn,LDAP_Directory_Provider



#group_children
id,group_id,group_provider,user_id,user_provider
MSPGHCA1803069900,,,plusu1,LDAP_Directory_Provider
MSPGHCA1803069900,,,plusu2,LDAP_Directory_Provider
MSPGHCA1803069900,,,plusu3,LDAP_Directory_Provider
MSPGHCA1803069900,,,sj_tingting@sina.com,LDAP_Directory_Provider
MSPGHCA1803069900,,,tim,LDAP_Directory_Provider
MSPGHCA1803069900,,,xiaofen.chen@mecoolchina.cn,LDAP_Directory_Provider
MSPGHCA1803069900,,,zhengyi.yang@mecoolchina.cn,LDAP_Directory_Provider



#group_children
id,group_id,group_provider,user_id,user_provider
MSPGHRS1803069700,,,huilin.liang@nuoshengmkt.com,LDAP_Directory_Provider
MSPGHRS1803069700,,,plusu1,LDAP_Directory_Provider
MSPGHRS1803069700,,,plusu2,LDAP_Directory_Provider
MSPGHRS1803069700,,,plusu3,LDAP_Directory_Provider
MSPGHRS1803069700,,,sj_tingting@sina.com,LDAP_Directory_Provider
MSPGHRS1803069700,,,tim,LDAP_Directory_Provider
MSPGHRS1803069700,,,xiaofen.chen@mecoolchina.cn,LDAP_Directory_Provider



#group_children
id,group_id,group_provider,user_id,user_provider
MSPGHRS1804080100,,,huajie.xie@mecoolchina.cn,LDAP_Directory_Provider
MSPGHRS1804080100,,,huilin.liang@nuoshengmkt.com,LDAP_Directory_Provider
MSPGHRS1804080100,,,plusu1,LDAP_Directory_Provider
MSPGHRS1804080100,,,plusu2,LDAP_Directory_Provider
MSPGHRS1804080100,,,plusu3,LDAP_Directory_Provider
MSPGHRS1804080100,,,sj_tingting@sina.com,LDAP_Directory_Provider
MSPGHRS1804080100,,,tim,LDAP_Directory_Provider
MSPGHRS1804080100,,,xiaofen.chen@mecoolchina.cn,LDAP_Directory_Provider



#group_children
id,group_id,group_provider,user_id,user_provider
MSPGHSP1708077300,,,huilin.liang@nuoshengmkt.com,LDAP_Directory_Provider
MSPGHSP1708077300,,,plusu1,LDAP_Directory_Provider
MSPGHSP1708077300,,,plusu2,LDAP_Directory_Provider
MSPGHSP1708077300,,,plusu3,LDAP_Directory_Provider
MSPGHSP1708077300,,,sj_tingting@sina.com,LDAP_Directory_Provider
MSPGHSP1708077300,,,tim,LDAP_Directory_Provider
MSPGHSP1708077300,,,xiaofen.chen@mecoolchina.cn,LDAP_Directory_Provider



#group_children
id,group_id,group_provider,user_id,user_provider
MSPGHSP1710082200,,,ean.chen@mecoolchina.cn,LDAP_Directory_Provider
MSPGHSP1710082200,,,plusu1,LDAP_Directory_Provider
MSPGHSP1710082200,,,plusu2,LDAP_Directory_Provider
MSPGHSP1710082200,,,plusu3,LDAP_Directory_Provider
MSPGHSP1710082200,,,sj_tingting@sina.com,LDAP_Directory_Provider
MSPGHSP1710082200,,,sufei.hui@mecoolchina.cn,LDAP_Directory_Provider
MSPGHSP1710082200,,,tim,LDAP_Directory_Provider



#group_children
id,group_id,group_provider,user_id,user_provider
MSPGHSP1711074900,,,ean.chen@mecoolchina.cn,LDAP_Directory_Provider
MSPGHSP1711074900,,,jiahong.shu@winningidea.com.cn,LDAP_Directory_Provider
MSPGHSP1711074900,,,plusu1,LDAP_Directory_Provider
MSPGHSP1711074900,,,plusu2,LDAP_Directory_Provider
MSPGHSP1711074900,,,plusu3,LDAP_Directory_Provider
MSPGHSP1711074900,,,sj_tingting@sina.com,LDAP_Directory_Provider
MSPGHSP1711074900,,,sufei.hui@mecoolchina.cn,LDAP_Directory_Provider
MSPGHSP1711074900,,,tim,LDAP_Directory_Provider



#group_children
id,group_id,group_provider,user_id,user_provider
MSPGHSP1712077700,,,ean.chen@mecoolchina.cn,LDAP_Directory_Provider
MSPGHSP1712077700,,,plusu1,LDAP_Directory_Provider
MSPGHSP1712077700,,,plusu2,LDAP_Directory_Provider
MSPGHSP1712077700,,,plusu3,LDAP_Directory_Provider
MSPGHSP1712077700,,,sj_tingting@sina.com,LDAP_Directory_Provider
MSPGHSP1712077700,,,tim,LDAP_Directory_Provider
MSPGHSP1712077700,,,zhengyi.yang@mecoolchina.cn,LDAP_Directory_Provider



#group_children
id,group_id,group_provider,user_id,user_provider
MSPGHSP1803070900,,,alice.chen@mecoolchina.cn,LDAP_Directory_Provider
MSPGHSP1803070900,,,plusu1,LDAP_Directory_Provider
MSPGHSP1803070900,,,plusu2,LDAP_Directory_Provider
MSPGHSP1803070900,,,plusu3,LDAP_Directory_Provider
MSPGHSP1803070900,,,sj_tingting@sina.com,LDAP_Directory_Provider
MSPGHSP1803070900,,,sufei.hui@mecoolchina.cn,LDAP_Directory_Provider
MSPGHSP1803070900,,,tim,LDAP_Directory_Provider
MSPGHSP1803070900,,,xiaofen.chen@mecoolchina.cn,LDAP_Directory_Provider
MSPGHSP1803070900,,,zhengyi.yang@mecoolchina.cn,LDAP_Directory_Provider



#group_children
id,group_id,group_provider,user_id,user_provider
MSPGHSP1803073100,,,plusu1,LDAP_Directory_Provider
MSPGHSP1803073100,,,plusu2,LDAP_Directory_Provider
MSPGHSP1803073100,,,plusu3,LDAP_Directory_Provider
MSPGHSP1803073100,,,sj_tingting@sina.com,LDAP_Directory_Provider
MSPGHSP1803073100,,,tim,LDAP_Directory_Provider



#group_children
id,group_id,group_provider,user_id,user_provider
MSPGHSP1803081900,,,dan.he@mecoolchina.cn,LDAP_Directory_Provider
MSPGHSP1803081900,,,ean.chen@mecoolchina.cn,LDAP_Directory_Provider
MSPGHSP1803081900,,,plusu1,LDAP_Directory_Provider
MSPGHSP1803081900,,,plusu2,LDAP_Directory_Provider
MSPGHSP1803081900,,,plusu3,LDAP_Directory_Provider
MSPGHSP1803081900,,,sj_tingting@sina.com,LDAP_Directory_Provider
MSPGHSP1803081900,,,tim,LDAP_Directory_Provider
MSPGHSP1803081900,,,zhengyi.yang@mecoolchina.cn,LDAP_Directory_Provider



#group_children
id,group_id,group_provider,user_id,user_provider
MSPGHSP1804081300,,,huajie.xie@mecoolchina.cn,LDAP_Directory_Provider
MSPGHSP1804081300,,,huilin.liang@nuoshengmkt.com,LDAP_Directory_Provider
MSPGHSP1804081300,,,plusu1,LDAP_Directory_Provider
MSPGHSP1804081300,,,plusu2,LDAP_Directory_Provider
MSPGHSP1804081300,,,plusu3,LDAP_Directory_Provider
MSPGHSP1804081300,,,sj_tingting@sina.com,LDAP_Directory_Provider
MSPGHSP1804081300,,,tim,LDAP_Directory_Provider
MSPGHSP1804081300,,,xiaofen.chen@mecoolchina.cn,LDAP_Directory_Provider



#group_children
id,group_id,group_provider,user_id,user_provider
MSPGHST1801060101,,,plusu1,LDAP_Directory_Provider
MSPGHST1801060101,,,plusu2,LDAP_Directory_Provider
MSPGHST1801060101,,,plusu3,LDAP_Directory_Provider
MSPGHST1801060101,,,tim,LDAP_Directory_Provider



#group_children
id,group_id,group_provider,user_id,user_provider
MSPGHST1807106407,,,jun.jiang@winningidea.com.cn,LDAP_Directory_Provider
MSPGHST1807106407,,,meggie.han@mecoolchina.cn,LDAP_Directory_Provider
MSPGHST1807106407,,,minwen.fei@mecoolchina.cn,LDAP_Directory_Provider



#group_children
id,group_id,group_provider,user_id,user_provider
MSWWHSP1706064100,,,ac_lina@sina.com,LDAP_Directory_Provider
MSWWHSP1706064100,,,sj_tingting@sina.com,LDAP_Directory_Provider



#group_children
id,group_id,group_provider,user_id,user_provider
MSYLHRS1803078100,,,cathy.chen@mecoolchina.cn,LDAP_Directory_Provider
MSYLHRS1803078100,,,jingfu.zhang@mecoolchina.cn,LDAP_Directory_Provider
MSYLHRS1803078100,,,plusu1,LDAP_Directory_Provider
MSYLHRS1803078100,,,plusu2,LDAP_Directory_Provider
MSYLHRS1803078100,,,plusu3,LDAP_Directory_Provider
MSYLHRS1803078100,,,sj_tingting@sina.com,LDAP_Directory_Provider
MSYLHRS1803078100,,,tim,LDAP_Directory_Provider



#group_children
id,group_id,group_provider,user_id,user_provider
MSYLHRS1803080300,,,jingfu.zhang@mecoolchina.cn,LDAP_Directory_Provider
MSYLHRS1803080300,,,lin.lin@winningidea.com.cn,LDAP_Directory_Provider
MSYLHRS1803080300,,,plusu1,LDAP_Directory_Provider
MSYLHRS1803080300,,,plusu2,LDAP_Directory_Provider
MSYLHRS1803080300,,,plusu3,LDAP_Directory_Provider
MSYLHRS1803080300,,,sj_tingting@sina.com,LDAP_Directory_Provider
MSYLHRS1803080300,,,tim,LDAP_Directory_Provider
MSYLHRS1803080300,,,wei.zhang5@mecoolchina.cn,LDAP_Directory_Provider



#group_children
id,group_id,group_provider,user_id,user_provider
MSYLHRS1803080400,,,jingfu.zhang@mecoolchina.cn,LDAP_Directory_Provider
MSYLHRS1803080400,,,lin.lin@winningidea.com.cn,LDAP_Directory_Provider
MSYLHRS1803080400,,,plusu1,LDAP_Directory_Provider
MSYLHRS1803080400,,,plusu2,LDAP_Directory_Provider
MSYLHRS1803080400,,,plusu3,LDAP_Directory_Provider
MSYLHRS1803080400,,,sj_tingting@sina.com,LDAP_Directory_Provider
MSYLHRS1803080400,,,tim,LDAP_Directory_Provider
MSYLHRS1803080400,,,xipeng.song@mecoolchina.cn,LDAP_Directory_Provider
MSYLHRS1803080400,,,yuelan.feng@mecoolchina.cn,LDAP_Directory_Provider



#group_children
id,group_id,group_provider,user_id,user_provider
MSYLHSP1803078000,,,cathy.chen@mecoolchina.cn,LDAP_Directory_Provider
MSYLHSP1803078000,,,jingfu.zhang@mecoolchina.cn,LDAP_Directory_Provider
MSYLHSP1803078000,,,lin.lin@winningidea.com.cn,LDAP_Directory_Provider
MSYLHSP1803078000,,,plusu1,LDAP_Directory_Provider
MSYLHSP1803078000,,,plusu2,LDAP_Directory_Provider
MSYLHSP1803078000,,,plusu3,LDAP_Directory_Provider
MSYLHSP1803078000,,,sj_tingting@sina.com,LDAP_Directory_Provider
MSYLHSP1803078000,,,tim,LDAP_Directory_Provider



#group_children
id,group_id,group_provider,user_id,user_provider
PLBDHMM1709081800,,,leiqiu.ren@winningidea.com.cn,LDAP_Directory_Provider
PLBDHMM1709081800,,,plusu1,LDAP_Directory_Provider
PLBDHMM1709081800,,,plusu2,LDAP_Directory_Provider
PLBDHMM1709081800,,,plusu3,LDAP_Directory_Provider
PLBDHMM1709081800,,,sj_tingting@sina.com,LDAP_Directory_Provider
PLBDHMM1709081800,,,tim,LDAP_Directory_Provider
PLBDHMM1709081800,,,yuhua.guo@mecoolchina.cn,LDAP_Directory_Provider



#group_children
id,group_id,group_provider,user_id,user_provider
PLBDHPR1710081600,,,leiqiu.ren@winningidea.com.cn,LDAP_Directory_Provider
PLBDHPR1710081600,,,plusu1,LDAP_Directory_Provider
PLBDHPR1710081600,,,plusu2,LDAP_Directory_Provider
PLBDHPR1710081600,,,plusu3,LDAP_Directory_Provider
PLBDHPR1710081600,,,sj_tingting@sina.com,LDAP_Directory_Provider
PLBDHPR1710081600,,,tim,LDAP_Directory_Provider
PLBDHPR1710081600,,,yuhua.guo@mecoolchina.cn,LDAP_Directory_Provider



#group_children
id,group_id,group_provider,user_id,user_provider
PLBDHPR1807161100,,,jiangwei.guo@mecoolchina.cn,LDAP_Directory_Provider
PLBDHPR1807161100,,,leiqiu.ren@winningidea.com.cn,LDAP_Directory_Provider
PLBDHPR1807161100,,,xueyuan.xu@winningidea.com.cn,LDAP_Directory_Provider



#group_children
id,group_id,group_provider,user_id,user_provider
PLBWHOT1712081400,,,junwen.dai@mecoolchina.cn,LDAP_Directory_Provider
PLBWHOT1712081400,,,plusu1,LDAP_Directory_Provider
PLBWHOT1712081400,,,plusu2,LDAP_Directory_Provider
PLBWHOT1712081400,,,plusu3,LDAP_Directory_Provider
PLBWHOT1712081400,,,sj_tingting@sina.com,LDAP_Directory_Provider
PLBWHOT1712081400,,,tim,LDAP_Directory_Provider
PLBWHOT1712081400,,,yong.ding@mecoolchina.cn,LDAP_Directory_Provider



#group_children
id,group_id,group_provider,user_id,user_provider
PLBWHRS1711081700,,,junwen.dai@mecoolchina.cn,LDAP_Directory_Provider
PLBWHRS1711081700,,,plusu1,LDAP_Directory_Provider
PLBWHRS1711081700,,,plusu2,LDAP_Directory_Provider
PLBWHRS1711081700,,,plusu3,LDAP_Directory_Provider
PLBWHRS1711081700,,,sj_tingting@sina.com,LDAP_Directory_Provider
PLBWHRS1711081700,,,tim,LDAP_Directory_Provider
PLBWHRS1711081700,,,yong.ding@mecoolchina.cn,LDAP_Directory_Provider



#group_children
id,group_id,group_provider,user_id,user_provider
PLBWHRS1712072500,,,junwen.dai@mecoolchina.cn,LDAP_Directory_Provider
PLBWHRS1712072500,,,plusu1,LDAP_Directory_Provider
PLBWHRS1712072500,,,plusu2,LDAP_Directory_Provider
PLBWHRS1712072500,,,plusu3,LDAP_Directory_Provider
PLBWHRS1712072500,,,sj_tingting@sina.com,LDAP_Directory_Provider
PLBWHRS1712072500,,,tim,LDAP_Directory_Provider
PLBWHRS1712072500,,,yong.ding@mecoolchina.cn,LDAP_Directory_Provider



#group_children
id,group_id,group_provider,user_id,user_provider
PLBWHRS1801077100,,,junwen.dai@mecoolchina.cn,LDAP_Directory_Provider
PLBWHRS1801077100,,,plusu1,LDAP_Directory_Provider
PLBWHRS1801077100,,,plusu2,LDAP_Directory_Provider
PLBWHRS1801077100,,,plusu3,LDAP_Directory_Provider
PLBWHRS1801077100,,,sj_tingting@sina.com,LDAP_Directory_Provider
PLBWHRS1801077100,,,tim,LDAP_Directory_Provider



#group_children
id,group_id,group_provider,user_id,user_provider
PLBWHSP1807135500,,,hongyan.jiang@mecoolchina.cn,LDAP_Directory_Provider
PLBWHSP1807135500,,,jiangwei.guo@mecoolchina.cn,LDAP_Directory_Provider
PLBWHSP1807135500,,,kelly.liu@mecoolchina.cn,LDAP_Directory_Provider
PLBWHSP1807135500,,,xue.li4@mecoolchina.cn,LDAP_Directory_Provider



#group_children
id,group_id,group_provider,user_id,user_provider
PLBWHSP1807138900,,,hongyan.jiang@mecoolchina.cn,LDAP_Directory_Provider
PLBWHSP1807138900,,,jiangwei.guo@mecoolchina.cn,LDAP_Directory_Provider
PLBWHSP1807138900,,,kelly.liu@mecoolchina.cn,LDAP_Directory_Provider
PLBWHSP1807138900,,,lisa.qin@mecoolchina.cn,LDAP_Directory_Provider



#group_children
id,group_id,group_provider,user_id,user_provider
PLFIHSP1709077600,,,kelly.liu@mecoolchina.cn,LDAP_Directory_Provider
PLFIHSP1709077600,,,plusu1,LDAP_Directory_Provider
PLFIHSP1709077600,,,plusu2,LDAP_Directory_Provider
PLFIHSP1709077600,,,plusu3,LDAP_Directory_Provider
PLFIHSP1709077600,,,sj_tingting@sina.com,LDAP_Directory_Provider
PLFIHSP1709077600,,,tim,LDAP_Directory_Provider
PLFIHSP1709077600,,,ye.qiu@mecoolchina.cn,LDAP_Directory_Provider
PLFIHSP1709077600,,,zhongqi.yang@mecoolchina.cn,LDAP_Directory_Provider



#group_children
id,group_id,group_provider,user_id,user_provider
PLFIHSP1801077400,,,kelly.liu@mecoolchina.cn,LDAP_Directory_Provider
PLFIHSP1801077400,,,plusu1,LDAP_Directory_Provider
PLFIHSP1801077400,,,plusu2,LDAP_Directory_Provider
PLFIHSP1801077400,,,plusu3,LDAP_Directory_Provider
PLFIHSP1801077400,,,sj_tingting@sina.com,LDAP_Directory_Provider
PLFIHSP1801077400,,,tim,LDAP_Directory_Provider
PLFIHSP1801077400,,,ye.qiu@mecoolchina.cn,LDAP_Directory_Provider
PLFIHSP1801077400,,,zhongqi.yang@mecoolchina.cn,LDAP_Directory_Provider



#group_children
id,group_id,group_provider,user_id,user_provider
PLFIHSP1801082000,,,plusu1,LDAP_Directory_Provider
PLFIHSP1801082000,,,plusu2,LDAP_Directory_Provider
PLFIHSP1801082000,,,plusu3,LDAP_Directory_Provider
PLFIHSP1801082000,,,sj_tingting@sina.com,LDAP_Directory_Provider
PLFIHSP1801082000,,,tim,LDAP_Directory_Provider
PLFIHSP1801082000,,,ye.qiu@mecoolchina.cn,LDAP_Directory_Provider
PLFIHSP1801082000,,,zhongqi.yang@mecoolchina.cn,LDAP_Directory_Provider



#group_children
id,group_id,group_provider,user_id,user_provider
PLFIHSP1803068900,,,plusu1,LDAP_Directory_Provider
PLFIHSP1803068900,,,plusu2,LDAP_Directory_Provider
PLFIHSP1803068900,,,plusu3,LDAP_Directory_Provider
PLFIHSP1803068900,,,sj_tingting@sina.com,LDAP_Directory_Provider
PLFIHSP1803068900,,,tim,LDAP_Directory_Provider



#group_children
id,group_id,group_provider,user_id,user_provider
PLPEPCD1803074600,,,plusu1,LDAP_Directory_Provider
PLPEPCD1803074600,,,plusu2,LDAP_Directory_Provider
PLPEPCD1803074600,,,plusu3,LDAP_Directory_Provider
PLPEPCD1803074600,,,sj_tingting@sina.com,LDAP_Directory_Provider
PLPEPCD1803074600,,,tim,LDAP_Directory_Provider



#group_children
id,group_id,group_provider,user_id,user_provider
PLPEPOT1803074700,,,plusu1,LDAP_Directory_Provider
PLPEPOT1803074700,,,plusu2,LDAP_Directory_Provider
PLPEPOT1803074700,,,plusu3,LDAP_Directory_Provider
PLPEPOT1803074700,,,sj_tingting@sina.com,LDAP_Directory_Provider
PLPEPOT1803074700,,,tim,LDAP_Directory_Provider



#group_children
id,group_id,group_provider,user_id,user_provider
PR000001,,,plusu1,LDAP_Directory_Provider
PR000001,,,plusu2,LDAP_Directory_Provider
PR000001,,,plusu3,LDAP_Directory_Provider
PR000001,,,tim,LDAP_Directory_Provider



#group_children
id,group_id,group_provider,user_id,user_provider
PR000001TT,,,plusu2,LDAP_Directory_Provider



#group_children
id,group_id,group_provider,user_id,user_provider
PR000002,,,plusu1,LDAP_Directory_Provider
PR000002,,,plusu2,LDAP_Directory_Provider
PR000002,,,plusu3,LDAP_Directory_Provider
PR000002,,,tim,LDAP_Directory_Provider



#group_children
id,group_id,group_provider,user_id,user_provider
PR000002TT,,,plusu1,LDAP_Directory_Provider
PR000002TT,,,plusu2,LDAP_Directory_Provider
PR000002TT,,,plusu3,LDAP_Directory_Provider
PR000002TT,,,tim,LDAP_Directory_Provider



#group_children
id,group_id,group_provider,user_id,user_provider
PR000003,,,plusu1,LDAP_Directory_Provider
PR000003,,,plusu2,LDAP_Directory_Provider
PR000003,,,plusu3,LDAP_Directory_Provider
PR000003,,,tim,LDAP_Directory_Provider



#group_children
id,group_id,group_provider,user_id,user_provider
PR000004,,,plusu1,LDAP_Directory_Provider
PR000004,,,plusu2,LDAP_Directory_Provider
PR000004,,,plusu3,LDAP_Directory_Provider



#group_children
id,group_id,group_provider,user_id,user_provider
PR000005,,,plusu1,LDAP_Directory_Provider
PR000005,,,plusu2,LDAP_Directory_Provider
PR000005,,,plusu3,LDAP_Directory_Provider



#group_children
id,group_id,group_provider,user_id,user_provider
PR000006,,,plusu1,LDAP_Directory_Provider
PR000006,,,plusu2,LDAP_Directory_Provider
PR000006,,,plusu3,LDAP_Directory_Provider



#group_children
id,group_id,group_provider,user_id,user_provider
PR000007,,,plusu1,LDAP_Directory_Provider
PR000007,,,plusu2,LDAP_Directory_Provider
PR000007,,,plusu3,LDAP_Directory_Provider



#group_children
id,group_id,group_provider,user_id,user_provider
PR000008,,,plusu1,LDAP_Directory_Provider
PR000008,,,plusu2,LDAP_Directory_Provider
PR000008,,,plusu3,LDAP_Directory_Provider



#group_children
id,group_id,group_provider,user_id,user_provider
PR000010,,,plusu1,LDAP_Directory_Provider



#group_children
id,group_id,group_provider,user_id,user_provider
PR000011,,,plusu1,LDAP_Directory_Provider
PR000011,,,plusu2,LDAP_Directory_Provider
PR000011,,,plusu3,LDAP_Directory_Provider



#group_children
id,group_id,group_provider,user_id,user_provider
WIABHST1803084903,,,sunny.zhou@winningidea.com.cn,LDAP_Directory_Provider
WIABHST1803084903,,,vicky.chen@winningidea.com.cn,LDAP_Directory_Provider
WIABHST1803084903,,,yanqing.gu@mecoolchina.cn,LDAP_Directory_Provider



#group_children
id,group_id,group_provider,user_id,user_provider
WIACHSP1711077900,,,jia.liu3@mecoolchina.cn,LDAP_Directory_Provider
WIACHSP1711077900,,,jiahong.shu@winningidea.com.cn,LDAP_Directory_Provider
WIACHSP1711077900,,,plusu1,LDAP_Directory_Provider
WIACHSP1711077900,,,plusu2,LDAP_Directory_Provider
WIACHSP1711077900,,,plusu3,LDAP_Directory_Provider
WIACHSP1711077900,,,sj_tingting@sina.com,LDAP_Directory_Provider
WIACHSP1711077900,,,tim,LDAP_Directory_Provider



#group_children
id,group_id,group_provider,user_id,user_provider
WIBDHCA1711069200,,,plusu1,LDAP_Directory_Provider
WIBDHCA1711069200,,,plusu2,LDAP_Directory_Provider
WIBDHCA1711069200,,,plusu3,LDAP_Directory_Provider
WIBDHCA1711069200,,,sj_tingting@sina.com,LDAP_Directory_Provider
WIBDHCA1711069200,,,tim,LDAP_Directory_Provider



#group_children
id,group_id,group_provider,user_id,user_provider
WIBDHCA1803069300,,,plusu1,LDAP_Directory_Provider
WIBDHCA1803069300,,,plusu2,LDAP_Directory_Provider
WIBDHCA1803069300,,,plusu3,LDAP_Directory_Provider
WIBDHCA1803069300,,,sj_tingting@sina.com,LDAP_Directory_Provider
WIBDHCA1803069300,,,tim,LDAP_Directory_Provider



#group_children
id,group_id,group_provider,user_id,user_provider
WICFHSP1407028700,,,plusu1,LDAP_Directory_Provider
WICFHSP1407028700,,,plusu2,LDAP_Directory_Provider
WICFHSP1407028700,,,plusu3,LDAP_Directory_Provider
WICFHSP1407028700,,,tim,LDAP_Directory_Provider



#group_children
id,group_id,group_provider,user_id,user_provider
WIDMHCA1803074800,,,plusu1,LDAP_Directory_Provider
WIDMHCA1803074800,,,plusu2,LDAP_Directory_Provider
WIDMHCA1803074800,,,plusu3,LDAP_Directory_Provider
WIDMHCA1803074800,,,sj_tingting@sina.com,LDAP_Directory_Provider
WIDMHCA1803074800,,,tim,LDAP_Directory_Provider



#group_children
id,group_id,group_provider,user_id,user_provider
WIDMHCD1803074300,,,plusu1,LDAP_Directory_Provider
WIDMHCD1803074300,,,plusu2,LDAP_Directory_Provider
WIDMHCD1803074300,,,plusu3,LDAP_Directory_Provider
WIDMHCD1803074300,,,sj_tingting@sina.com,LDAP_Directory_Provider
WIDMHCD1803074300,,,tim,LDAP_Directory_Provider



#group_children
id,group_id,group_provider,user_id,user_provider
WIDMHCD1804087200,,,jun.jiang@winningidea.com.cn,LDAP_Directory_Provider
WIDMHCD1804087200,,,plusu2,LDAP_Directory_Provider
WIDMHCD1804087200,,,zhongqi.yang@mecoolchina.cn,LDAP_Directory_Provider



#group_children
id,group_id,group_provider,user_id,user_provider
WIDMHCD1804095300,,,ac_wangying@sina.com,LDAP_Directory_Provider



#group_children
id,group_id,group_provider,user_id,user_provider
WIDMHDJ1803074400,,,plusu1,LDAP_Directory_Provider
WIDMHDJ1803074400,,,plusu2,LDAP_Directory_Provider
WIDMHDJ1803074400,,,plusu3,LDAP_Directory_Provider
WIDMHDJ1803074400,,,sj_tingting@sina.com,LDAP_Directory_Provider
WIDMHDJ1803074400,,,tim,LDAP_Directory_Provider



#group_children
id,group_id,group_provider,user_id,user_provider
WIDMHDS1803068600,,,plusu1,LDAP_Directory_Provider
WIDMHDS1803068600,,,plusu2,LDAP_Directory_Provider
WIDMHDS1803068600,,,plusu3,LDAP_Directory_Provider
WIDMHDS1803068600,,,sj_tingting@sina.com,LDAP_Directory_Provider
WIDMHDS1803068600,,,tim,LDAP_Directory_Provider



#group_children
id,group_id,group_provider,user_id,user_provider
WIDMHDS1803069600,,,plusu1,LDAP_Directory_Provider
WIDMHDS1803069600,,,plusu2,LDAP_Directory_Provider
WIDMHDS1803069600,,,plusu3,LDAP_Directory_Provider
WIDMHDS1803069600,,,sj_tingting@sina.com,LDAP_Directory_Provider
WIDMHDS1803069600,,,tim,LDAP_Directory_Provider



#group_children
id,group_id,group_provider,user_id,user_provider
WIDMHRS1804094700,,,jun.jiang@winningidea.com.cn,LDAP_Directory_Provider
WIDMHRS1804094700,,,zhongqi.yang@mecoolchina.cn,LDAP_Directory_Provider



#group_children
id,group_id,group_provider,user_id,user_provider
WIDMHSP1803068400,,,plusu1,LDAP_Directory_Provider
WIDMHSP1803068400,,,plusu2,LDAP_Directory_Provider
WIDMHSP1803068400,,,plusu3,LDAP_Directory_Provider
WIDMHSP1803068400,,,sj_tingting@sina.com,LDAP_Directory_Provider
WIDMHSP1803068400,,,tim,LDAP_Directory_Provider



#group_children
id,group_id,group_provider,user_id,user_provider
WIDMHSP1805109200,,,ni.liu@mecoolchina.cn,LDAP_Directory_Provider
WIDMHSP1805109200,,,plusu1,LDAP_Directory_Provider
WIDMHSP1805109200,,,plusu2,LDAP_Directory_Provider



#group_children
id,group_id,group_provider,user_id,user_provider
WIDMHST1701001109,,,ac_lina@sina.com,LDAP_Directory_Provider
WIDMHST1701001109,,,sj_tingting@sina.com,LDAP_Directory_Provider



#group_children
id,group_id,group_provider,user_id,user_provider
WIDMHST1801080603,,,lingling.han@mecoolchina.cn,LDAP_Directory_Provider
WIDMHST1801080603,,,ni.sun@winningidea.com.cn,LDAP_Directory_Provider
WIDMHST1801080603,,,plusu1,LDAP_Directory_Provider
WIDMHST1801080603,,,plusu2,LDAP_Directory_Provider
WIDMHST1801080603,,,plusu3,LDAP_Directory_Provider
WIDMHST1801080603,,,sj_tingting@sina.com,LDAP_Directory_Provider
WIDMHST1801080603,,,tim,LDAP_Directory_Provider
WIDMHST1801080603,,,vicky.chen@winningidea.com.cn,LDAP_Directory_Provider



#group_children
id,group_id,group_provider,user_id,user_provider
WIFIHRS1803069500,,,plusu1,LDAP_Directory_Provider
WIFIHRS1803069500,,,plusu2,LDAP_Directory_Provider
WIFIHRS1803069500,,,plusu3,LDAP_Directory_Provider
WIFIHRS1803069500,,,sj_tingting@sina.com,LDAP_Directory_Provider
WIFIHRS1803069500,,,tim,LDAP_Directory_Provider



#group_children
id,group_id,group_provider,user_id,user_provider
WIGSKSP1705035900,,,plusu1,LDAP_Directory_Provider
WIGSKSP1705035900,,,plusu2,LDAP_Directory_Provider
WIGSKSP1705035900,,,plusu3,LDAP_Directory_Provider



#group_children
id,group_id,group_provider,user_id,user_provider
WIHAGSP1407022700,,,ac_wangying@sina.com,LDAP_Directory_Provider
WIHAGSP1407022700,,,plusu3,LDAP_Directory_Provider
WIHAGSP1407022700,,,pm_hanlingling@sina.com,LDAP_Directory_Provider
WIHAGSP1407022700,,,sj_tingting@sina.com,LDAP_Directory_Provider
WIHAGSP1407022700,,,tim,LDAP_Directory_Provider



#group_children
id,group_id,group_provider,user_id,user_provider
WILPHSP1801082300,,,jun.jiang@winningidea.com.cn,LDAP_Directory_Provider
WILPHSP1801082300,,,xiaoqin.li@winningidea.com.cn,LDAP_Directory_Provider
WILPHSP1801082300,,,yanqing.gu@mecoolchina.cn,LDAP_Directory_Provider



#group_children
id,group_id,group_provider,user_id,user_provider
WIMRHSP1804073100,,,ac_wangying@sina.com,LDAP_Directory_Provider
WIMRHSP1804073100,,,plusu1,LDAP_Directory_Provider
WIMRHSP1804073100,,,plusu2,LDAP_Directory_Provider
WIMRHSP1804073100,,,pm_hanlingling@sina.com,LDAP_Directory_Provider



#group_children
id,group_id,group_provider,user_id,user_provider
WINEHSP1404009400-1,,,plusu1,LDAP_Directory_Provider
WINEHSP1404009400-1,,,plusu2,LDAP_Directory_Provider
WINEHSP1404009400-1,,,plusu3,LDAP_Directory_Provider
WINEHSP1404009400-1,,,sj_tingting@sina.com,LDAP_Directory_Provider
WINEHSP1404009400-1,,,tim,LDAP_Directory_Provider



#group_children
id,group_id,group_provider,user_id,user_provider
WIPEHDS1803066900,,,plusu1,LDAP_Directory_Provider
WIPEHDS1803066900,,,plusu2,LDAP_Directory_Provider
WIPEHDS1803066900,,,plusu3,LDAP_Directory_Provider
WIPEHDS1803066900,,,sj_tingting@sina.com,LDAP_Directory_Provider
WIPEHDS1803066900,,,tim,LDAP_Directory_Provider



#group_children
id,group_id,group_provider,user_id,user_provider
WIPEHSP1801082400,,,chenyi.yan@harvestchina.cn,LDAP_Directory_Provider
WIPEHSP1801082400,,,jia.liu3@mecoolchina.cn,LDAP_Directory_Provider
WIPEHSP1801082400,,,sj_tingting@sina.com,LDAP_Directory_Provider



#group_children
id,group_id,group_provider,user_id,user_provider
WIPEPHR1801076901,,,chenjuan.ni@harvestchina.cn,LDAP_Directory_Provider
WIPEPHR1801076901,,,jia.liu3@mecoolchina.cn,LDAP_Directory_Provider
WIPEPHR1801076901,,,plusu1,LDAP_Directory_Provider
WIPEPHR1801076901,,,plusu2,LDAP_Directory_Provider
WIPEPHR1801076901,,,plusu3,LDAP_Directory_Provider
WIPEPHR1801076901,,,sj_tingting@sina.com,LDAP_Directory_Provider
WIPEPHR1801076901,,,tim,LDAP_Directory_Provider



#group_children
id,group_id,group_provider,user_id,user_provider
WIPEPHR1803066603,,,plusu1,LDAP_Directory_Provider
WIPEPHR1803066603,,,plusu2,LDAP_Directory_Provider
WIPEPHR1803066603,,,plusu3,LDAP_Directory_Provider
WIPEPHR1803066603,,,sj_tingting@sina.com,LDAP_Directory_Provider
WIPEPHR1803066603,,,tim,LDAP_Directory_Provider



#group_children
id,group_id,group_provider,user_id,user_provider
WIPEPSP1803069100,,,plusu1,LDAP_Directory_Provider
WIPEPSP1803069100,,,plusu2,LDAP_Directory_Provider
WIPEPSP1803069100,,,plusu3,LDAP_Directory_Provider
WIPEPSP1803069100,,,sj_tingting@sina.com,LDAP_Directory_Provider
WIPEPSP1803069100,,,tim,LDAP_Directory_Provider



#group_children
id,group_id,group_provider,user_id,user_provider
WIUNLSE1806153200,,,eva.liang@winningidea.com.cn,LDAP_Directory_Provider
WIUNLSE1806153200,,,jiangwei.guo@mecoolchina.cn,LDAP_Directory_Provider
WIUNLSE1806153200,,,wen.wen@mecoolchina.cn,LDAP_Directory_Provider



#group_children
id,group_id,group_provider,user_id,user_provider
WIUNLSP1805081800,,,haoran.shi@hand-china.com,LDAP_Directory_Provider



#group_children
id,group_id,group_provider,user_id,user_provider
WIUNLSP1807151600,,,eva.liang@winningidea.com.cn,LDAP_Directory_Provider
WIUNLSP1807151600,,,ni.liu@mecoolchina.cn,LDAP_Directory_Provider
WIUNLSP1807151600,,,sijie.xu@winningidea.com.cn,LDAP_Directory_Provider



#group_children
id,group_id,group_provider,user_id,user_provider
WIWALDS1803068700,,,plusu1,LDAP_Directory_Provider
WIWALDS1803068700,,,plusu2,LDAP_Directory_Provider
WIWALDS1803068700,,,plusu3,LDAP_Directory_Provider
WIWALDS1803068700,,,sj_tingting@sina.com,LDAP_Directory_Provider
WIWALDS1803068700,,,tim,LDAP_Directory_Provider



#group_children
id,group_id,group_provider,user_id,user_provider
WIYMHSP1804060400,,,yanqing.gu@mecoolchina.cn,LDAP_Directory_Provider
WIYMHSP1804060400,,,yiyin.gan@harvestchina.cn,LDAP_Directory_Provider



#group_children
id,group_id,group_provider,user_id,user_provider
WIYNLSP1711075600,,,FJackWoo,LDAP_Directory_Provider
WIYNLSP1711075600,,,jiahong.shu@winningidea.com.cn,LDAP_Directory_Provider
WIYNLSP1711075600,,,ni.liu@mecoolchina.cn,LDAP_Directory_Provider
WIYNLSP1711075600,,,plusu1,LDAP_Directory_Provider
WIYNLSP1711075600,,,plusu2,LDAP_Directory_Provider
WIYNLSP1711075600,,,plusu3,LDAP_Directory_Provider
WIYNLSP1711075600,,,sj_tingting@sina.com,LDAP_Directory_Provider
WIYNLSP1711075600,,,tim,LDAP_Directory_Provider



#group_children
id,group_id,group_provider,user_id,user_provider
WIYNLST1803068303,,,plusu1,LDAP_Directory_Provider
WIYNLST1803068303,,,plusu2,LDAP_Directory_Provider
WIYNLST1803068303,,,plusu3,LDAP_Directory_Provider
WIYNLST1803068303,,,sj_tingting@sina.com,LDAP_Directory_Provider
WIYNLST1803068303,,,tim,LDAP_Directory_Provider



#group_children
id,group_id,group_provider,user_id,user_provider
PRJTEST20180730,,,plusu1,LDAP_Directory_Provider
PRJTEST20180730,,,plusu2,LDAP_Directory_Provider
PRJTEST20180730,,,plusu3,LDAP_Directory_Provider
PRJTEST20180730,,,haoran.shi@hand-china.com,LDAP_Directory_Provider
PRJTEST20180730,,,tim,LDAP_Directory_Provider
