<?xml version="1.0" encoding="UTF-8" ?>
<acls>
<acl>
 <name>1_AC_Review</name>
 <objectName>NoEntity</objectName>
 <objectType>SL_DIMENSION</objectType>
 <accessMode>READ</accessMode>
 <flag>MEMBER</flag>
 <isUser>N</isUser>
</acl>
<acl>
 <name>1_AC_Review</name>
 <objectName>Plus</objectName>
 <objectType>SL_DIMENSION</objectType>
 <accessMode>READ</accessMode>
 <flag>@IDESCENDANTS</flag>
 <isUser>N</isUser>
</acl>
<acl>
 <name>1_AC_Review</name>
 <objectName>BU</objectName>
 <objectType>SL_DIMENSION</objectType>
 <accessMode>READ</accessMode>
 <flag>@IDESCENDANTS</flag>
 <isUser>N</isUser>
</acl>
<acl>
 <name>1_AC_Review</name>
 <objectName>SC01</objectName>
 <objectType>SL_DIMENSION</objectType>
 <accessMode>READ</accessMode>
 <flag>MEMBER</flag>
 <isUser>N</isUser>
</acl>
<acl>
 <name>1_AC_Review</name>
 <objectName>SC02</objectName>
 <objectType>SL_DIMENSION</objectType>
 <accessMode>READ</accessMode>
 <flag>MEMBER</flag>
 <isUser>N</isUser>
</acl>
<acl>
 <name>1_AC_Review</name>
 <objectName>SC0501</objectName>
 <objectType>SL_DIMENSION</objectType>
 <accessMode>READ</accessMode>
 <flag>MEMBER</flag>
 <isUser>N</isUser>
</acl>
</acls>
