<?xml version="1.0" encoding="UTF-8" ?>
<acls>
<acl>
 <name>1_AC_Write</name>
 <objectName>NoEntity</objectName>
 <objectType>SL_DIMENSION</objectType>
 <accessMode>READWRITE</accessMode>
 <flag>MEMBER</flag>
 <isUser>N</isUser>
</acl>
<acl>
 <name>1_AC_Write</name>
 <objectName>SC01</objectName>
 <objectType>SL_DIMENSION</objectType>
 <accessMode>READWRITE</accessMode>
 <flag>MEMBER</flag>
 <isUser>N</isUser>
</acl>
<acl>
 <name>1_AC_Write</name>
 <objectName>SC0501</objectName>
 <objectType>SL_DIMENSION</objectType>
 <accessMode>READ</accessMode>
 <flag>MEMBER</flag>
 <isUser>N</isUser>
</acl>
<acl>
 <name>1_AC_Write</name>
 <objectName>SC02</objectName>
 <objectType>SL_DIMENSION</objectType>
 <accessMode>READWRITE</accessMode>
 <flag>MEMBER</flag>
 <isUser>N</isUser>
</acl>
<acl>
 <name>1_AC_Write</name>
 <objectName>0102 内报填报汇总</objectName>
 <objectType>SL_CALCRULE</objectType>
 <accessMode>LAUNCH</accessMode>
 <flag>MEMBER</flag>
 <isUser>N</isUser>
</acl>
<acl>
 <name>1_AC_Write</name>
 <objectName>0101 外报填报汇总</objectName>
 <objectType>SL_CALCRULE</objectType>
 <accessMode>LAUNCH</accessMode>
 <flag>MEMBER</flag>
 <isUser>N</isUser>
</acl>
</acls>
