<?xml version="1.0" encoding="UTF-8" ?>
<acls>
<acl>
 <name>2_PM_Write</name>
 <objectName>NoEntity</objectName>
 <objectType>SL_DIMENSION</objectType>
 <accessMode>READWRITE</accessMode>
 <flag>MEMBER</flag>
 <isUser>N</isUser>
</acl>
<acl>
 <name>2_PM_Write</name>
 <objectName>SC03</objectName>
 <objectType>SL_DIMENSION</objectType>
 <accessMode>READWRITE</accessMode>
 <flag>MEMBER</flag>
 <isUser>N</isUser>
</acl>
<acl>
 <name>2_PM_Write</name>
 <objectName>SC04</objectName>
 <objectType>SL_DIMENSION</objectType>
 <accessMode>READ</accessMode>
 <flag>MEMBER</flag>
 <isUser>N</isUser>
</acl>
<acl>
 <name>2_PM_Write</name>
 <objectName>0103 项目预算填报汇总</objectName>
 <objectType>SL_CALCRULE</objectType>
 <accessMode>LAUNCH</accessMode>
 <flag>MEMBER</flag>
 <isUser>N</isUser>
</acl>
<acl>
 <name>2_PM_Write</name>
 <objectName>0104 项目预算巡点单价拷贝</objectName>
 <objectType>SL_CALCRULE</objectType>
 <accessMode>LAUNCH</accessMode>
 <flag>MEMBER</flag>
 <isUser>N</isUser>
</acl>
</acls>
