<?xml version="1.0" encoding="utf-8"?>

<artifactListing>
  <resource name="Users" id="Users" type="Access" cloneOnly="false" size="" path="/Security/Access Permissions" pathAlias="/Security/Access Permissions" modifiedBy="" lastUpdated="" description=""/>
  <resource name="planning-test Service Administrator" id="planning-test Service Administrator" type="Access" cloneOnly="false" size="" path="/Security/Access Permissions/Groups" pathAlias="/Security/Access Permissions/Groups" modifiedBy="manhua.ying@hand-china.com" lastUpdated="1532589700000" description=""/>
  <resource name="planning-test User" id="planning-test User" type="Access" cloneOnly="false" size="" path="/Security/Access Permissions/Groups" pathAlias="/Security/Access Permissions/Groups" modifiedBy="manhua.ying@hand-china.com" lastUpdated="1532589699000" description=""/>
  <resource name="planning-test Power User" id="planning-test Power User" type="Access" cloneOnly="false" size="" path="/Security/Access Permissions/Groups" pathAlias="/Security/Access Permissions/Groups" modifiedBy="zhiyi.zhu@todayclouds.com" lastUpdated="1530601269000" description=""/>
  <resource name="planning-test Viewer" id="planning-test Viewer" type="Access" cloneOnly="false" size="" path="/Security/Access Permissions/Groups" pathAlias="/Security/Access Permissions/Groups" modifiedBy="zhiyi.zhu@todayclouds.com" lastUpdated="1530601270000" description=""/>
  <resource name="WIYNLST1803068303" id="WIYNLST1803068303" type="Access" cloneOnly="false" size="" path="/Security/Access Permissions/Groups" pathAlias="/Security/Access Permissions/Groups" modifiedBy="zhiyi.zhu@todayclouds.com" lastUpdated="1522831117000" description=""/>
  <resource name="4_FINANCE" id="4_FINANCE" type="Access" cloneOnly="false" size="" path="/Security/Access Permissions/Groups" pathAlias="/Security/Access Permissions/Groups" modifiedBy="zhiyi.zhu@todayclouds.com" lastUpdated="1522831117000" description=""/>
  <resource name="WIBDHCA1803069300" id="WIBDHCA1803069300" type="Access" cloneOnly="false" size="" path="/Security/Access Permissions/Groups" pathAlias="/Security/Access Permissions/Groups" modifiedBy="zhiyi.zhu@todayclouds.com" lastUpdated="1522831117000" description=""/>
  <resource name="PR000079" id="PR000079" type="Access" cloneOnly="false" size="" path="/Security/Access Permissions/Groups" pathAlias="/Security/Access Permissions/Groups" modifiedBy="zhiyi.zhu@todayclouds.com" lastUpdated="1522831117000" description=""/>
  <resource name="PLFIHSP1801082000" id="PLFIHSP1801082000" type="Access" cloneOnly="false" size="" path="/Security/Access Permissions/Groups" pathAlias="/Security/Access Permissions/Groups" modifiedBy="zhiyi.zhu@todayclouds.com" lastUpdated="1522831117000" description=""/>
  <resource name="WIYNLSP1711075600" id="WIYNLSP1711075600" type="Access" cloneOnly="false" size="" path="/Security/Access Permissions/Groups" pathAlias="/Security/Access Permissions/Groups" modifiedBy="zhiyi.zhu@todayclouds.com" lastUpdated="1522831117000" description=""/>
  <resource name="MSWWHSP1706064100" id="MSWWHSP1706064100" type="Access" cloneOnly="false" size="" path="/Security/Access Permissions/Groups" pathAlias="/Security/Access Permissions/Groups" modifiedBy="zhiyi.zhu@todayclouds.com" lastUpdated="1522831117000" description=""/>
  <resource name="MSYLHRS1803078100" id="MSYLHRS1803078100" type="Access" cloneOnly="false" size="" path="/Security/Access Permissions/Groups" pathAlias="/Security/Access Permissions/Groups" modifiedBy="zhiyi.zhu@todayclouds.com" lastUpdated="1522831117000" description=""/>
  <resource name="AllProject" id="AllProject" type="Access" cloneOnly="false" size="" path="/Security/Access Permissions/Groups" pathAlias="/Security/Access Permissions/Groups" modifiedBy="zhiyi.zhu@todayclouds.com" lastUpdated="1522831117000" description=""/>
  <resource name="PR000073" id="PR000073" type="Access" cloneOnly="false" size="" path="/Security/Access Permissions/Groups" pathAlias="/Security/Access Permissions/Groups" modifiedBy="zhiyi.zhu@todayclouds.com" lastUpdated="1522831117000" description=""/>
  <resource name="WIPEPHR1803066603" id="WIPEPHR1803066603" type="Access" cloneOnly="false" size="" path="/Security/Access Permissions/Groups" pathAlias="/Security/Access Permissions/Groups" modifiedBy="zhiyi.zhu@todayclouds.com" lastUpdated="1522831117000" description=""/>
  <resource name="PR000089" id="PR000089" type="Access" cloneOnly="false" size="" path="/Security/Access Permissions/Groups" pathAlias="/Security/Access Permissions/Groups" modifiedBy="zhiyi.zhu@todayclouds.com" lastUpdated="1522831117000" description=""/>
  <resource name="PR000002TT" id="PR000002TT" type="Access" cloneOnly="false" size="" path="/Security/Access Permissions/Groups" pathAlias="/Security/Access Permissions/Groups" modifiedBy="zhiyi.zhu@todayclouds.com" lastUpdated="1522831117000" description=""/>
  <resource name="1_AC_Review" id="1_AC_Review" type="Access" cloneOnly="false" size="" path="/Security/Access Permissions/Groups" pathAlias="/Security/Access Permissions/Groups" modifiedBy="zhiyi.zhu@todayclouds.com" lastUpdated="1522831118000" description=""/>
  <resource name="MSPGHSP1708077300" id="MSPGHSP1708077300" type="Access" cloneOnly="false" size="" path="/Security/Access Permissions/Groups" pathAlias="/Security/Access Permissions/Groups" modifiedBy="zhiyi.zhu@todayclouds.com" lastUpdated="1522831118000" description=""/>
  <resource name="MSPGHSP1803070900" id="MSPGHSP1803070900" type="Access" cloneOnly="false" size="" path="/Security/Access Permissions/Groups" pathAlias="/Security/Access Permissions/Groups" modifiedBy="zhiyi.zhu@todayclouds.com" lastUpdated="1522831118000" description=""/>
  <resource name="PR000022" id="PR000022" type="Access" cloneOnly="false" size="" path="/Security/Access Permissions/Groups" pathAlias="/Security/Access Permissions/Groups" modifiedBy="zhiyi.zhu@todayclouds.com" lastUpdated="1522831118000" description=""/>
  <resource name="PR000068" id="PR000068" type="Access" cloneOnly="false" size="" path="/Security/Access Permissions/Groups" pathAlias="/Security/Access Permissions/Groups" modifiedBy="zhiyi.zhu@todayclouds.com" lastUpdated="1522831118000" description=""/>
  <resource name="PR000059" id="PR000059" type="Access" cloneOnly="false" size="" path="/Security/Access Permissions/Groups" pathAlias="/Security/Access Permissions/Groups" modifiedBy="zhiyi.zhu@todayclouds.com" lastUpdated="1522831118000" description=""/>
  <resource name="PR000027" id="PR000027" type="Access" cloneOnly="false" size="" path="/Security/Access Permissions/Groups" pathAlias="/Security/Access Permissions/Groups" modifiedBy="zhiyi.zhu@todayclouds.com" lastUpdated="1522831118000" description=""/>
  <resource name="PR000092" id="PR000092" type="Access" cloneOnly="false" size="" path="/Security/Access Permissions/Groups" pathAlias="/Security/Access Permissions/Groups" modifiedBy="zhiyi.zhu@todayclouds.com" lastUpdated="1522831118000" description=""/>
  <resource name="MSMWCSP1802081500" id="MSMWCSP1802081500" type="Access" cloneOnly="false" size="" path="/Security/Access Permissions/Groups" pathAlias="/Security/Access Permissions/Groups" modifiedBy="zhiyi.zhu@todayclouds.com" lastUpdated="1522831118000" description=""/>
  <resource name="PR000078" id="PR000078" type="Access" cloneOnly="false" size="" path="/Security/Access Permissions/Groups" pathAlias="/Security/Access Permissions/Groups" modifiedBy="zhiyi.zhu@todayclouds.com" lastUpdated="1522831118000" description=""/>
  <resource name="PR000036" id="PR000036" type="Access" cloneOnly="false" size="" path="/Security/Access Permissions/Groups" pathAlias="/Security/Access Permissions/Groups" modifiedBy="zhiyi.zhu@todayclouds.com" lastUpdated="1522831118000" description=""/>
  <resource name="PR000004" id="PR000004" type="Access" cloneOnly="false" size="" path="/Security/Access Permissions/Groups" pathAlias="/Security/Access Permissions/Groups" modifiedBy="zhiyi.zhu@todayclouds.com" lastUpdated="1522831118000" description=""/>
  <resource name="MSPGHSP1710082200" id="MSPGHSP1710082200" type="Access" cloneOnly="false" size="" path="/Security/Access Permissions/Groups" pathAlias="/Security/Access Permissions/Groups" modifiedBy="zhiyi.zhu@todayclouds.com" lastUpdated="1522831118000" description=""/>
  <resource name="PR000087" id="PR000087" type="Access" cloneOnly="false" size="" path="/Security/Access Permissions/Groups" pathAlias="/Security/Access Permissions/Groups" modifiedBy="zhiyi.zhu@todayclouds.com" lastUpdated="1522831118000" description=""/>
  <resource name="2_PM_Review" id="2_PM_Review" type="Access" cloneOnly="false" size="" path="/Security/Access Permissions/Groups" pathAlias="/Security/Access Permissions/Groups" modifiedBy="zhiyi.zhu@todayclouds.com" lastUpdated="1522831118000" description=""/>
  <resource name="HVDPHOT1707081000" id="HVDPHOT1707081000" type="Access" cloneOnly="false" size="" path="/Security/Access Permissions/Groups" pathAlias="/Security/Access Permissions/Groups" modifiedBy="zhiyi.zhu@todayclouds.com" lastUpdated="1531191556000" description=""/>
  <resource name="PLPEPOT1803074700" id="PLPEPOT1803074700" type="Access" cloneOnly="false" size="" path="/Security/Access Permissions/Groups" pathAlias="/Security/Access Permissions/Groups" modifiedBy="zhiyi.zhu@todayclouds.com" lastUpdated="1522831118000" description=""/>
  <resource name="PR000062" id="PR000062" type="Access" cloneOnly="false" size="" path="/Security/Access Permissions/Groups" pathAlias="/Security/Access Permissions/Groups" modifiedBy="zhiyi.zhu@todayclouds.com" lastUpdated="1522831118000" description=""/>
  <resource name="WIDMHCD1803074300" id="WIDMHCD1803074300" type="Access" cloneOnly="false" size="" path="/Security/Access Permissions/Groups" pathAlias="/Security/Access Permissions/Groups" modifiedBy="zhiyi.zhu@todayclouds.com" lastUpdated="1522831118000" description=""/>
  <resource name="1_BUL" id="1_BUL" type="Access" cloneOnly="false" size="" path="/Security/Access Permissions/Groups" pathAlias="/Security/Access Permissions/Groups" modifiedBy="zhiyi.zhu@todayclouds.com" lastUpdated="1522831118000" description=""/>
  <resource name="PR000019" id="PR000019" type="Access" cloneOnly="false" size="" path="/Security/Access Permissions/Groups" pathAlias="/Security/Access Permissions/Groups" modifiedBy="zhiyi.zhu@todayclouds.com" lastUpdated="1522831118000" description=""/>
  <resource name="WIABHST1803084903" id="WIABHST1803084903" type="Access" cloneOnly="false" size="" path="/Security/Access Permissions/Groups" pathAlias="/Security/Access Permissions/Groups" modifiedBy="zhiyi.zhu@todayclouds.com" lastUpdated="1522831118000" description=""/>
  <resource name="WIDMHDS1803068600" id="WIDMHDS1803068600" type="Access" cloneOnly="false" size="" path="/Security/Access Permissions/Groups" pathAlias="/Security/Access Permissions/Groups" modifiedBy="zhiyi.zhu@todayclouds.com" lastUpdated="1522831118000" description=""/>
  <resource name="PR000054" id="PR000054" type="Access" cloneOnly="false" size="" path="/Security/Access Permissions/Groups" pathAlias="/Security/Access Permissions/Groups" modifiedBy="zhiyi.zhu@todayclouds.com" lastUpdated="1522831118000" description=""/>
  <resource name="PLBWHOT1712081400" id="PLBWHOT1712081400" type="Access" cloneOnly="false" size="" path="/Security/Access Permissions/Groups" pathAlias="/Security/Access Permissions/Groups" modifiedBy="zhiyi.zhu@todayclouds.com" lastUpdated="1522831118000" description=""/>
  <resource name="PR000084" id="PR000084" type="Access" cloneOnly="false" size="" path="/Security/Access Permissions/Groups" pathAlias="/Security/Access Permissions/Groups" modifiedBy="zhiyi.zhu@todayclouds.com" lastUpdated="1522831118000" description=""/>
  <resource name="PR000001" id="PR000001" type="Access" cloneOnly="false" size="" path="/Security/Access Permissions/Groups" pathAlias="/Security/Access Permissions/Groups" modifiedBy="zhiyi.zhu@todayclouds.com" lastUpdated="1522831118000" description=""/>
  <resource name="MSPGHSP1804081300" id="MSPGHSP1804081300" type="Access" cloneOnly="false" size="" path="/Security/Access Permissions/Groups" pathAlias="/Security/Access Permissions/Groups" modifiedBy="zhiyi.zhu@todayclouds.com" lastUpdated="1522831118000" description=""/>
  <resource name="PR000065" id="PR000065" type="Access" cloneOnly="false" size="" path="/Security/Access Permissions/Groups" pathAlias="/Security/Access Permissions/Groups" modifiedBy="zhiyi.zhu@todayclouds.com" lastUpdated="1522831118000" description=""/>
  <resource name="PR000033" id="PR000033" type="Access" cloneOnly="false" size="" path="/Security/Access Permissions/Groups" pathAlias="/Security/Access Permissions/Groups" modifiedBy="zhiyi.zhu@todayclouds.com" lastUpdated="1522831118000" description=""/>
  <resource name="3_AUDIT_AC" id="3_AUDIT_AC" type="Access" cloneOnly="false" size="" path="/Security/Access Permissions/Groups" pathAlias="/Security/Access Permissions/Groups" modifiedBy="zhiyi.zhu@todayclouds.com" lastUpdated="1522831118000" description=""/>
  <resource name="PR000007" id="PR000007" type="Access" cloneOnly="false" size="" path="/Security/Access Permissions/Groups" pathAlias="/Security/Access Permissions/Groups" modifiedBy="zhiyi.zhu@todayclouds.com" lastUpdated="1522831118000" description=""/>
  <resource name="PR000016" id="PR000016" type="Access" cloneOnly="false" size="" path="/Security/Access Permissions/Groups" pathAlias="/Security/Access Permissions/Groups" modifiedBy="zhiyi.zhu@todayclouds.com" lastUpdated="1522831118000" description=""/>
  <resource name="WIDMHDJ1803074400" id="WIDMHDJ1803074400" type="Access" cloneOnly="false" size="" path="/Security/Access Permissions/Groups" pathAlias="/Security/Access Permissions/Groups" modifiedBy="zhiyi.zhu@todayclouds.com" lastUpdated="1522831118000" description=""/>
  <resource name="MCDAHSP1404009607" id="MCDAHSP1404009607" type="Access" cloneOnly="false" size="" path="/Security/Access Permissions/Groups" pathAlias="/Security/Access Permissions/Groups" modifiedBy="zhiyi.zhu@todayclouds.com" lastUpdated="1522831118000" description=""/>
  <resource name="MSMRHSP1705043100" id="MSMRHSP1705043100" type="Access" cloneOnly="false" size="" path="/Security/Access Permissions/Groups" pathAlias="/Security/Access Permissions/Groups" modifiedBy="zhiyi.zhu@todayclouds.com" lastUpdated="1522831118000" description=""/>
  <resource name="PR000010" id="PR000010" type="Access" cloneOnly="false" size="" path="/Security/Access Permissions/Groups" pathAlias="/Security/Access Permissions/Groups" modifiedBy="zhiyi.zhu@todayclouds.com" lastUpdated="1522831118000" description=""/>
  <resource name="PR000023" id="PR000023" type="Access" cloneOnly="false" size="" path="/Security/Access Permissions/Groups" pathAlias="/Security/Access Permissions/Groups" modifiedBy="zhiyi.zhu@todayclouds.com" lastUpdated="1522831118000" description=""/>
  <resource name="PR000051" id="PR000051" type="Access" cloneOnly="false" size="" path="/Security/Access Permissions/Groups" pathAlias="/Security/Access Permissions/Groups" modifiedBy="zhiyi.zhu@todayclouds.com" lastUpdated="1522831118000" description=""/>
  <resource name="WIDMHSP1803068400" id="WIDMHSP1803068400" type="Access" cloneOnly="false" size="" path="/Security/Access Permissions/Groups" pathAlias="/Security/Access Permissions/Groups" modifiedBy="zhiyi.zhu@todayclouds.com" lastUpdated="1522831118000" description=""/>
  <resource name="PR000035" id="PR000035" type="Access" cloneOnly="false" size="" path="/Security/Access Permissions/Groups" pathAlias="/Security/Access Permissions/Groups" modifiedBy="zhiyi.zhu@todayclouds.com" lastUpdated="1522831118000" description=""/>
  <resource name="PR000058" id="PR000058" type="Access" cloneOnly="false" size="" path="/Security/Access Permissions/Groups" pathAlias="/Security/Access Permissions/Groups" modifiedBy="zhiyi.zhu@todayclouds.com" lastUpdated="1522831118000" description=""/>
  <resource name="2_PML" id="2_PML" type="Access" cloneOnly="false" size="" path="/Security/Access Permissions/Groups" pathAlias="/Security/Access Permissions/Groups" modifiedBy="zhiyi.zhu@todayclouds.com" lastUpdated="1522831118000" description=""/>
  <resource name="1_AC_Write" id="1_AC_Write" type="Access" cloneOnly="false" size="" path="/Security/Access Permissions/Groups" pathAlias="/Security/Access Permissions/Groups" modifiedBy="zhiyi.zhu@todayclouds.com" lastUpdated="1531191556000" description=""/>
  <resource name="1_AC" id="1_AC" type="Access" cloneOnly="false" size="" path="/Security/Access Permissions/Groups" pathAlias="/Security/Access Permissions/Groups" modifiedBy="zhiyi.zhu@todayclouds.com" lastUpdated="1522831119000" description=""/>
  <resource name="MSPGHRS1804080100" id="MSPGHRS1804080100" type="Access" cloneOnly="false" size="" path="/Security/Access Permissions/Groups" pathAlias="/Security/Access Permissions/Groups" modifiedBy="zhiyi.zhu@todayclouds.com" lastUpdated="1522831119000" description=""/>
  <resource name="PLFIHSP1803068900" id="PLFIHSP1803068900" type="Access" cloneOnly="false" size="" path="/Security/Access Permissions/Groups" pathAlias="/Security/Access Permissions/Groups" modifiedBy="zhiyi.zhu@todayclouds.com" lastUpdated="1522831119000" description=""/>
  <resource name="MSYLHSP1803078000" id="MSYLHSP1803078000" type="Access" cloneOnly="false" size="" path="/Security/Access Permissions/Groups" pathAlias="/Security/Access Permissions/Groups" modifiedBy="zhiyi.zhu@todayclouds.com" lastUpdated="1522831119000" description=""/>
  <resource name="MSPGHST1801060101" id="MSPGHST1801060101" type="Access" cloneOnly="false" size="" path="/Security/Access Permissions/Groups" pathAlias="/Security/Access Permissions/Groups" modifiedBy="zhiyi.zhu@todayclouds.com" lastUpdated="1522831119000" description=""/>
  <resource name="WIFIHRS1803069500" id="WIFIHRS1803069500" type="Access" cloneOnly="false" size="" path="/Security/Access Permissions/Groups" pathAlias="/Security/Access Permissions/Groups" modifiedBy="zhiyi.zhu@todayclouds.com" lastUpdated="1522831119000" description=""/>
  <resource name="MSMWCSP1803077800" id="MSMWCSP1803077800" type="Access" cloneOnly="false" size="" path="/Security/Access Permissions/Groups" pathAlias="/Security/Access Permissions/Groups" modifiedBy="zhiyi.zhu@todayclouds.com" lastUpdated="1522831119000" description=""/>
  <resource name="WIGSKSP1705035900" id="WIGSKSP1705035900" type="Access" cloneOnly="false" size="" path="/Security/Access Permissions/Groups" pathAlias="/Security/Access Permissions/Groups" modifiedBy="zhiyi.zhu@todayclouds.com" lastUpdated="1522831119000" description=""/>
  <resource name="PR000071" id="PR000071" type="Access" cloneOnly="false" size="" path="/Security/Access Permissions/Groups" pathAlias="/Security/Access Permissions/Groups" modifiedBy="zhiyi.zhu@todayclouds.com" lastUpdated="1522831119000" description=""/>
  <resource name="PR000029" id="PR000029" type="Access" cloneOnly="false" size="" path="/Security/Access Permissions/Groups" pathAlias="/Security/Access Permissions/Groups" modifiedBy="zhiyi.zhu@todayclouds.com" lastUpdated="1522831119000" description=""/>
  <resource name="PR000064" id="PR000064" type="Access" cloneOnly="false" size="" path="/Security/Access Permissions/Groups" pathAlias="/Security/Access Permissions/Groups" modifiedBy="zhiyi.zhu@todayclouds.com" lastUpdated="1522831119000" description=""/>
  <resource name="PR000045" id="PR000045" type="Access" cloneOnly="false" size="" path="/Security/Access Permissions/Groups" pathAlias="/Security/Access Permissions/Groups" modifiedBy="zhiyi.zhu@todayclouds.com" lastUpdated="1522831119000" description=""/>
  <resource name="MSMWCSP1803083000" id="MSMWCSP1803083000" type="Access" cloneOnly="false" size="" path="/Security/Access Permissions/Groups" pathAlias="/Security/Access Permissions/Groups" modifiedBy="zhiyi.zhu@todayclouds.com" lastUpdated="1522831119000" description=""/>
  <resource name="PR000085" id="PR000085" type="Access" cloneOnly="false" size="" path="/Security/Access Permissions/Groups" pathAlias="/Security/Access Permissions/Groups" modifiedBy="zhiyi.zhu@todayclouds.com" lastUpdated="1522831119000" description=""/>
  <resource name="PR000091" id="PR000091" type="Access" cloneOnly="false" size="" path="/Security/Access Permissions/Groups" pathAlias="/Security/Access Permissions/Groups" modifiedBy="zhiyi.zhu@todayclouds.com" lastUpdated="1522831119000" description=""/>
  <resource name="WIPEHDS1803066900" id="WIPEHDS1803066900" type="Access" cloneOnly="false" size="" path="/Security/Access Permissions/Groups" pathAlias="/Security/Access Permissions/Groups" modifiedBy="zhiyi.zhu@todayclouds.com" lastUpdated="1522831119000" description=""/>
  <resource name="WIYMHSP1804060400" id="WIYMHSP1804060400" type="Access" cloneOnly="false" size="" path="/Security/Access Permissions/Groups" pathAlias="/Security/Access Permissions/Groups" modifiedBy="zhiyi.zhu@todayclouds.com" lastUpdated="1522831119000" description=""/>
  <resource name="MSMKDSP1709082100" id="MSMKDSP1709082100" type="Access" cloneOnly="false" size="" path="/Security/Access Permissions/Groups" pathAlias="/Security/Access Permissions/Groups" modifiedBy="zhiyi.zhu@todayclouds.com" lastUpdated="1522831119000" description=""/>
  <resource name="PR000080" id="PR000080" type="Access" cloneOnly="false" size="" path="/Security/Access Permissions/Groups" pathAlias="/Security/Access Permissions/Groups" modifiedBy="zhiyi.zhu@todayclouds.com" lastUpdated="1522831119000" description=""/>
  <resource name="WIHAGSP1407022700" id="WIHAGSP1407022700" type="Access" cloneOnly="false" size="" path="/Security/Access Permissions/Groups" pathAlias="/Security/Access Permissions/Groups" modifiedBy="zhiyi.zhu@todayclouds.com" lastUpdated="1522831119000" description=""/>
  <resource name="PR000006" id="PR000006" type="Access" cloneOnly="false" size="" path="/Security/Access Permissions/Groups" pathAlias="/Security/Access Permissions/Groups" modifiedBy="zhiyi.zhu@todayclouds.com" lastUpdated="1522831119000" description=""/>
  <resource name="PR000011" id="PR000011" type="Access" cloneOnly="false" size="" path="/Security/Access Permissions/Groups" pathAlias="/Security/Access Permissions/Groups" modifiedBy="zhiyi.zhu@todayclouds.com" lastUpdated="1522831119000" description=""/>
  <resource name="WIDMHST1701001109" id="WIDMHST1701001109" type="Access" cloneOnly="false" size="" path="/Security/Access Permissions/Groups" pathAlias="/Security/Access Permissions/Groups" modifiedBy="zhiyi.zhu@todayclouds.com" lastUpdated="1522831119000" description=""/>
  <resource name="PR000001TT" id="PR000001TT" type="Access" cloneOnly="false" size="" path="/Security/Access Permissions/Groups" pathAlias="/Security/Access Permissions/Groups" modifiedBy="zhiyi.zhu@todayclouds.com" lastUpdated="1522831119000" description=""/>
  <resource name="PR000057" id="PR000057" type="Access" cloneOnly="false" size="" path="/Security/Access Permissions/Groups" pathAlias="/Security/Access Permissions/Groups" modifiedBy="zhiyi.zhu@todayclouds.com" lastUpdated="1522831119000" description=""/>
  <resource name="PR000052" id="PR000052" type="Access" cloneOnly="false" size="" path="/Security/Access Permissions/Groups" pathAlias="/Security/Access Permissions/Groups" modifiedBy="zhiyi.zhu@todayclouds.com" lastUpdated="1522831119000" description=""/>
  <resource name="PR000063" id="PR000063" type="Access" cloneOnly="false" size="" path="/Security/Access Permissions/Groups" pathAlias="/Security/Access Permissions/Groups" modifiedBy="zhiyi.zhu@todayclouds.com" lastUpdated="1522831119000" description=""/>
  <resource name="PR000024" id="PR000024" type="Access" cloneOnly="false" size="" path="/Security/Access Permissions/Groups" pathAlias="/Security/Access Permissions/Groups" modifiedBy="zhiyi.zhu@todayclouds.com" lastUpdated="1522831119000" description=""/>
  <resource name="2_PM" id="2_PM" type="Access" cloneOnly="false" size="" path="/Security/Access Permissions/Groups" pathAlias="/Security/Access Permissions/Groups" modifiedBy="zhiyi.zhu@todayclouds.com" lastUpdated="1522831119000" description=""/>
  <resource name="PR000046" id="PR000046" type="Access" cloneOnly="false" size="" path="/Security/Access Permissions/Groups" pathAlias="/Security/Access Permissions/Groups" modifiedBy="zhiyi.zhu@todayclouds.com" lastUpdated="1522831119000" description=""/>
  <resource name="MSPGHSP1711074900" id="MSPGHSP1711074900" type="Access" cloneOnly="false" size="" path="/Security/Access Permissions/Groups" pathAlias="/Security/Access Permissions/Groups" modifiedBy="zhiyi.zhu@todayclouds.com" lastUpdated="1522831119000" description=""/>
  <resource name="WIDMHCA1803074800" id="WIDMHCA1803074800" type="Access" cloneOnly="false" size="" path="/Security/Access Permissions/Groups" pathAlias="/Security/Access Permissions/Groups" modifiedBy="zhiyi.zhu@todayclouds.com" lastUpdated="1522831119000" description=""/>
  <resource name="PR000070" id="PR000070" type="Access" cloneOnly="false" size="" path="/Security/Access Permissions/Groups" pathAlias="/Security/Access Permissions/Groups" modifiedBy="zhiyi.zhu@todayclouds.com" lastUpdated="1522831119000" description=""/>
  <resource name="PR000090" id="PR000090" type="Access" cloneOnly="false" size="" path="/Security/Access Permissions/Groups" pathAlias="/Security/Access Permissions/Groups" modifiedBy="zhiyi.zhu@todayclouds.com" lastUpdated="1522831119000" description=""/>
  <resource name="PR000017" id="PR000017" type="Access" cloneOnly="false" size="" path="/Security/Access Permissions/Groups" pathAlias="/Security/Access Permissions/Groups" modifiedBy="zhiyi.zhu@todayclouds.com" lastUpdated="1522831119000" description=""/>
  <resource name="MSMKDSP1709081200" id="MSMKDSP1709081200" type="Access" cloneOnly="false" size="" path="/Security/Access Permissions/Groups" pathAlias="/Security/Access Permissions/Groups" modifiedBy="zhiyi.zhu@todayclouds.com" lastUpdated="1522831119000" description=""/>
  <resource name="PR000028" id="PR000028" type="Access" cloneOnly="false" size="" path="/Security/Access Permissions/Groups" pathAlias="/Security/Access Permissions/Groups" modifiedBy="zhiyi.zhu@todayclouds.com" lastUpdated="1522831119000" description=""/>
  <resource name="2_PM_Approve" id="2_PM_Approve" type="Access" cloneOnly="false" size="" path="/Security/Access Permissions/Groups" pathAlias="/Security/Access Permissions/Groups" modifiedBy="zhiyi.zhu@todayclouds.com" lastUpdated="1524411787000" description=""/>
  <resource name="MSMWCSP1803082900" id="MSMWCSP1803082900" type="Access" cloneOnly="false" size="" path="/Security/Access Permissions/Groups" pathAlias="/Security/Access Permissions/Groups" modifiedBy="zhiyi.zhu@todayclouds.com" lastUpdated="1531794435000" description=""/>
  <resource name="MSPGHSP1803081900" id="MSPGHSP1803081900" type="Access" cloneOnly="false" size="" path="/Security/Access Permissions/Groups" pathAlias="/Security/Access Permissions/Groups" modifiedBy="zhiyi.zhu@todayclouds.com" lastUpdated="1522831119000" description=""/>
  <resource name="PR000086" id="PR000086" type="Access" cloneOnly="false" size="" path="/Security/Access Permissions/Groups" pathAlias="/Security/Access Permissions/Groups" modifiedBy="zhiyi.zhu@todayclouds.com" lastUpdated="1522831120000" description=""/>
  <resource name="PR000037" id="PR000037" type="Access" cloneOnly="false" size="" path="/Security/Access Permissions/Groups" pathAlias="/Security/Access Permissions/Groups" modifiedBy="zhiyi.zhu@todayclouds.com" lastUpdated="1522831120000" description=""/>
  <resource name="PR000069" id="PR000069" type="Access" cloneOnly="false" size="" path="/Security/Access Permissions/Groups" pathAlias="/Security/Access Permissions/Groups" modifiedBy="zhiyi.zhu@todayclouds.com" lastUpdated="1522831120000" description=""/>
  <resource name="PR000053" id="PR000053" type="Access" cloneOnly="false" size="" path="/Security/Access Permissions/Groups" pathAlias="/Security/Access Permissions/Groups" modifiedBy="zhiyi.zhu@todayclouds.com" lastUpdated="1522831120000" description=""/>
  <resource name="PR000021" id="PR000021" type="Access" cloneOnly="false" size="" path="/Security/Access Permissions/Groups" pathAlias="/Security/Access Permissions/Groups" modifiedBy="zhiyi.zhu@todayclouds.com" lastUpdated="1522831120000" description=""/>
  <resource name="WILPHSP1801082300" id="WILPHSP1801082300" type="Access" cloneOnly="false" size="" path="/Security/Access Permissions/Groups" pathAlias="/Security/Access Permissions/Groups" modifiedBy="zhiyi.zhu@todayclouds.com" lastUpdated="1522831120000" description=""/>
  <resource name="PR000077" id="PR000077" type="Access" cloneOnly="false" size="" path="/Security/Access Permissions/Groups" pathAlias="/Security/Access Permissions/Groups" modifiedBy="zhiyi.zhu@todayclouds.com" lastUpdated="1522831120000" description=""/>
  <resource name="PR000072" id="PR000072" type="Access" cloneOnly="false" size="" path="/Security/Access Permissions/Groups" pathAlias="/Security/Access Permissions/Groups" modifiedBy="zhiyi.zhu@todayclouds.com" lastUpdated="1522831120000" description=""/>
  <resource name="WIPEHSP1801082400" id="WIPEHSP1801082400" type="Access" cloneOnly="false" size="" path="/Security/Access Permissions/Groups" pathAlias="/Security/Access Permissions/Groups" modifiedBy="zhiyi.zhu@todayclouds.com" lastUpdated="1522831120000" description=""/>
  <resource name="WIDMHST1801080603" id="WIDMHST1801080603" type="Access" cloneOnly="false" size="" path="/Security/Access Permissions/Groups" pathAlias="/Security/Access Permissions/Groups" modifiedBy="zhiyi.zhu@todayclouds.com" lastUpdated="1522831120000" description=""/>
  <resource name="PLBWHRS1711081700" id="PLBWHRS1711081700" type="Access" cloneOnly="false" size="" path="/Security/Access Permissions/Groups" pathAlias="/Security/Access Permissions/Groups" modifiedBy="zhiyi.zhu@todayclouds.com" lastUpdated="1522831120000" description=""/>
  <resource name="PR000056" id="PR000056" type="Access" cloneOnly="false" size="" path="/Security/Access Permissions/Groups" pathAlias="/Security/Access Permissions/Groups" modifiedBy="zhiyi.zhu@todayclouds.com" lastUpdated="1522831120000" description=""/>
  <resource name="PR000050" id="PR000050" type="Access" cloneOnly="false" size="" path="/Security/Access Permissions/Groups" pathAlias="/Security/Access Permissions/Groups" modifiedBy="zhiyi.zhu@todayclouds.com" lastUpdated="1522831120000" description=""/>
  <resource name="PR000034" id="PR000034" type="Access" cloneOnly="false" size="" path="/Security/Access Permissions/Groups" pathAlias="/Security/Access Permissions/Groups" modifiedBy="zhiyi.zhu@todayclouds.com" lastUpdated="1522831120000" description=""/>
  <resource name="MSYLHRS1803080400" id="MSYLHRS1803080400" type="Access" cloneOnly="false" size="" path="/Security/Access Permissions/Groups" pathAlias="/Security/Access Permissions/Groups" modifiedBy="zhiyi.zhu@todayclouds.com" lastUpdated="1522831120000" description=""/>
  <resource name="MSPGHRS1803069700" id="MSPGHRS1803069700" type="Access" cloneOnly="false" size="" path="/Security/Access Permissions/Groups" pathAlias="/Security/Access Permissions/Groups" modifiedBy="zhiyi.zhu@todayclouds.com" lastUpdated="1522831120000" description=""/>
  <resource name="PR000083" id="PR000083" type="Access" cloneOnly="false" size="" path="/Security/Access Permissions/Groups" pathAlias="/Security/Access Permissions/Groups" modifiedBy="zhiyi.zhu@todayclouds.com" lastUpdated="1522831120000" description=""/>
  <resource name="PLFIHSP1801077400" id="PLFIHSP1801077400" type="Access" cloneOnly="false" size="" path="/Security/Access Permissions/Groups" pathAlias="/Security/Access Permissions/Groups" modifiedBy="zhiyi.zhu@todayclouds.com" lastUpdated="1522831120000" description=""/>
  <resource name="HVHEHSP1708092800" id="HVHEHSP1708092800" type="Access" cloneOnly="false" size="" path="/Security/Access Permissions/Groups" pathAlias="/Security/Access Permissions/Groups" modifiedBy="zhiyi.zhu@todayclouds.com" lastUpdated="1522831120000" description=""/>
  <resource name="PR000018" id="PR000018" type="Access" cloneOnly="false" size="" path="/Security/Access Permissions/Groups" pathAlias="/Security/Access Permissions/Groups" modifiedBy="zhiyi.zhu@todayclouds.com" lastUpdated="1522831120000" description=""/>
  <resource name="PR000066" id="PR000066" type="Access" cloneOnly="false" size="" path="/Security/Access Permissions/Groups" pathAlias="/Security/Access Permissions/Groups" modifiedBy="zhiyi.zhu@todayclouds.com" lastUpdated="1522831120000" description=""/>
  <resource name="MSPGHSP1803073100" id="MSPGHSP1803073100" type="Access" cloneOnly="false" size="" path="/Security/Access Permissions/Groups" pathAlias="/Security/Access Permissions/Groups" modifiedBy="zhiyi.zhu@todayclouds.com" lastUpdated="1522831120000" description=""/>
  <resource name="MSPGHSP1712077700" id="MSPGHSP1712077700" type="Access" cloneOnly="false" size="" path="/Security/Access Permissions/Groups" pathAlias="/Security/Access Permissions/Groups" modifiedBy="zhiyi.zhu@todayclouds.com" lastUpdated="1522831120000" description=""/>
  <resource name="PR000002" id="PR000002" type="Access" cloneOnly="false" size="" path="/Security/Access Permissions/Groups" pathAlias="/Security/Access Permissions/Groups" modifiedBy="zhiyi.zhu@todayclouds.com" lastUpdated="1522831120000" description=""/>
  <resource name="PR000005" id="PR000005" type="Access" cloneOnly="false" size="" path="/Security/Access Permissions/Groups" pathAlias="/Security/Access Permissions/Groups" modifiedBy="zhiyi.zhu@todayclouds.com" lastUpdated="1522831120000" description=""/>
  <resource name="MSMWCSP1710077500" id="MSMWCSP1710077500" type="Access" cloneOnly="false" size="" path="/Security/Access Permissions/Groups" pathAlias="/Security/Access Permissions/Groups" modifiedBy="zhiyi.zhu@todayclouds.com" lastUpdated="1522831120000" description=""/>
  <resource name="MSPGHCA1803069900" id="MSPGHCA1803069900" type="Access" cloneOnly="false" size="" path="/Security/Access Permissions/Groups" pathAlias="/Security/Access Permissions/Groups" modifiedBy="zhiyi.zhu@todayclouds.com" lastUpdated="1522831120000" description=""/>
  <resource name="WIBDHCA1711069200" id="WIBDHCA1711069200" type="Access" cloneOnly="false" size="" path="/Security/Access Permissions/Groups" pathAlias="/Security/Access Permissions/Groups" modifiedBy="zhiyi.zhu@todayclouds.com" lastUpdated="1522831120000" description=""/>
  <resource name="WIWALDS1803068700" id="WIWALDS1803068700" type="Access" cloneOnly="false" size="" path="/Security/Access Permissions/Groups" pathAlias="/Security/Access Permissions/Groups" modifiedBy="zhiyi.zhu@todayclouds.com" lastUpdated="1522831120000" description=""/>
  <resource name="PR000041" id="PR000041" type="Access" cloneOnly="false" size="" path="/Security/Access Permissions/Groups" pathAlias="/Security/Access Permissions/Groups" modifiedBy="zhiyi.zhu@todayclouds.com" lastUpdated="1522831120000" description=""/>
  <resource name="PR000040" id="PR000040" type="Access" cloneOnly="false" size="" path="/Security/Access Permissions/Groups" pathAlias="/Security/Access Permissions/Groups" modifiedBy="zhiyi.zhu@todayclouds.com" lastUpdated="1522831120000" description=""/>
  <resource name="PR000008" id="PR000008" type="Access" cloneOnly="false" size="" path="/Security/Access Permissions/Groups" pathAlias="/Security/Access Permissions/Groups" modifiedBy="zhiyi.zhu@todayclouds.com" lastUpdated="1522831120000" description=""/>
  <resource name="PR000015" id="PR000015" type="Access" cloneOnly="false" size="" path="/Security/Access Permissions/Groups" pathAlias="/Security/Access Permissions/Groups" modifiedBy="zhiyi.zhu@todayclouds.com" lastUpdated="1522831120000" description=""/>
  <resource name="PR000047" id="PR000047" type="Access" cloneOnly="false" size="" path="/Security/Access Permissions/Groups" pathAlias="/Security/Access Permissions/Groups" modifiedBy="zhiyi.zhu@todayclouds.com" lastUpdated="1522831120000" description=""/>
  <resource name="PR000009" id="PR000009" type="Access" cloneOnly="false" size="" path="/Security/Access Permissions/Groups" pathAlias="/Security/Access Permissions/Groups" modifiedBy="zhiyi.zhu@todayclouds.com" lastUpdated="1522831120000" description=""/>
  <resource name="WIDMHDS1803069600" id="WIDMHDS1803069600" type="Access" cloneOnly="false" size="" path="/Security/Access Permissions/Groups" pathAlias="/Security/Access Permissions/Groups" modifiedBy="zhiyi.zhu@todayclouds.com" lastUpdated="1522831120000" description=""/>
  <resource name="PLBWHRS1801077100" id="PLBWHRS1801077100" type="Access" cloneOnly="false" size="" path="/Security/Access Permissions/Groups" pathAlias="/Security/Access Permissions/Groups" modifiedBy="zhiyi.zhu@todayclouds.com" lastUpdated="1522831120000" description=""/>
  <resource name="PR000074" id="PR000074" type="Access" cloneOnly="false" size="" path="/Security/Access Permissions/Groups" pathAlias="/Security/Access Permissions/Groups" modifiedBy="zhiyi.zhu@todayclouds.com" lastUpdated="1522831120000" description=""/>
  <resource name="WICFHSP1407028700" id="WICFHSP1407028700" type="Access" cloneOnly="false" size="" path="/Security/Access Permissions/Groups" pathAlias="/Security/Access Permissions/Groups" modifiedBy="zhiyi.zhu@todayclouds.com" lastUpdated="1522831120000" description=""/>
  <resource name="PR000044" id="PR000044" type="Access" cloneOnly="false" size="" path="/Security/Access Permissions/Groups" pathAlias="/Security/Access Permissions/Groups" modifiedBy="zhiyi.zhu@todayclouds.com" lastUpdated="1522831120000" description=""/>
  <resource name="PR000012" id="PR000012" type="Access" cloneOnly="false" size="" path="/Security/Access Permissions/Groups" pathAlias="/Security/Access Permissions/Groups" modifiedBy="zhiyi.zhu@todayclouds.com" lastUpdated="1522831120000" description=""/>
  <resource name="MSHMXSP1803080200" id="MSHMXSP1803080200" type="Access" cloneOnly="false" size="" path="/Security/Access Permissions/Groups" pathAlias="/Security/Access Permissions/Groups" modifiedBy="zhiyi.zhu@todayclouds.com" lastUpdated="1522831120000" description=""/>
  <resource name="WINEHSP1404009400-1" id="WINEHSP1404009400-1" type="Access" cloneOnly="false" size="" path="/Security/Access Permissions/Groups" pathAlias="/Security/Access Permissions/Groups" modifiedBy="zhiyi.zhu@todayclouds.com" lastUpdated="1522831120000" description=""/>
  <resource name="PR000032" id="PR000032" type="Access" cloneOnly="false" size="" path="/Security/Access Permissions/Groups" pathAlias="/Security/Access Permissions/Groups" modifiedBy="zhiyi.zhu@todayclouds.com" lastUpdated="1522831120000" description=""/>
  <resource name="PR000081" id="PR000081" type="Access" cloneOnly="false" size="" path="/Security/Access Permissions/Groups" pathAlias="/Security/Access Permissions/Groups" modifiedBy="zhiyi.zhu@todayclouds.com" lastUpdated="1522831120000" description=""/>
  <resource name="MCDAHSP1404009605" id="MCDAHSP1404009605" type="Access" cloneOnly="false" size="" path="/Security/Access Permissions/Groups" pathAlias="/Security/Access Permissions/Groups" modifiedBy="zhiyi.zhu@todayclouds.com" lastUpdated="1531191556000" description=""/>
  <resource name="PR000048" id="PR000048" type="Access" cloneOnly="false" size="" path="/Security/Access Permissions/Groups" pathAlias="/Security/Access Permissions/Groups" modifiedBy="zhiyi.zhu@todayclouds.com" lastUpdated="1522831120000" description=""/>
  <resource name="PR000067" id="PR000067" type="Access" cloneOnly="false" size="" path="/Security/Access Permissions/Groups" pathAlias="/Security/Access Permissions/Groups" modifiedBy="zhiyi.zhu@todayclouds.com" lastUpdated="1522831120000" description=""/>
  <resource name="PR000039" id="PR000039" type="Access" cloneOnly="false" size="" path="/Security/Access Permissions/Groups" pathAlias="/Security/Access Permissions/Groups" modifiedBy="zhiyi.zhu@todayclouds.com" lastUpdated="1522831120000" description=""/>
  <resource name="PR000026" id="PR000026" type="Access" cloneOnly="false" size="" path="/Security/Access Permissions/Groups" pathAlias="/Security/Access Permissions/Groups" modifiedBy="zhiyi.zhu@todayclouds.com" lastUpdated="1522831120000" description=""/>
  <resource name="PR000014" id="PR000014" type="Access" cloneOnly="false" size="" path="/Security/Access Permissions/Groups" pathAlias="/Security/Access Permissions/Groups" modifiedBy="zhiyi.zhu@todayclouds.com" lastUpdated="1522831120000" description=""/>
  <resource name="PR000042" id="PR000042" type="Access" cloneOnly="false" size="" path="/Security/Access Permissions/Groups" pathAlias="/Security/Access Permissions/Groups" modifiedBy="zhiyi.zhu@todayclouds.com" lastUpdated="1522831120000" description=""/>
  <resource name="PR000030" id="PR000030" type="Access" cloneOnly="false" size="" path="/Security/Access Permissions/Groups" pathAlias="/Security/Access Permissions/Groups" modifiedBy="zhiyi.zhu@todayclouds.com" lastUpdated="1522831121000" description=""/>
  <resource name="WIPEPSP1803069100" id="WIPEPSP1803069100" type="Access" cloneOnly="false" size="" path="/Security/Access Permissions/Groups" pathAlias="/Security/Access Permissions/Groups" modifiedBy="zhiyi.zhu@todayclouds.com" lastUpdated="1522831121000" description=""/>
  <resource name="4_PURCHASE" id="4_PURCHASE" type="Access" cloneOnly="false" size="" path="/Security/Access Permissions/Groups" pathAlias="/Security/Access Permissions/Groups" modifiedBy="zhiyi.zhu@todayclouds.com" lastUpdated="1522831121000" description=""/>
  <resource name="2_PM_Write" id="2_PM_Write" type="Access" cloneOnly="false" size="" path="/Security/Access Permissions/Groups" pathAlias="/Security/Access Permissions/Groups" modifiedBy="manhua.ying@hand-china.com" lastUpdated="1532589699000" description=""/>
  <resource name="PLPEPCD1803074600" id="PLPEPCD1803074600" type="Access" cloneOnly="false" size="" path="/Security/Access Permissions/Groups" pathAlias="/Security/Access Permissions/Groups" modifiedBy="zhiyi.zhu@todayclouds.com" lastUpdated="1522831121000" description=""/>
  <resource name="PR000055" id="PR000055" type="Access" cloneOnly="false" size="" path="/Security/Access Permissions/Groups" pathAlias="/Security/Access Permissions/Groups" modifiedBy="zhiyi.zhu@todayclouds.com" lastUpdated="1522831121000" description=""/>
  <resource name="PR000088" id="PR000088" type="Access" cloneOnly="false" size="" path="/Security/Access Permissions/Groups" pathAlias="/Security/Access Permissions/Groups" modifiedBy="zhiyi.zhu@todayclouds.com" lastUpdated="1522831121000" description=""/>
  <resource name="PLBDHPR1710081600" id="PLBDHPR1710081600" type="Access" cloneOnly="false" size="" path="/Security/Access Permissions/Groups" pathAlias="/Security/Access Permissions/Groups" modifiedBy="zhiyi.zhu@todayclouds.com" lastUpdated="1522831121000" description=""/>
  <resource name="PR000061" id="PR000061" type="Access" cloneOnly="false" size="" path="/Security/Access Permissions/Groups" pathAlias="/Security/Access Permissions/Groups" modifiedBy="zhiyi.zhu@todayclouds.com" lastUpdated="1522831121000" description=""/>
  <resource name="PR000075" id="PR000075" type="Access" cloneOnly="false" size="" path="/Security/Access Permissions/Groups" pathAlias="/Security/Access Permissions/Groups" modifiedBy="zhiyi.zhu@todayclouds.com" lastUpdated="1522831121000" description=""/>
  <resource name="PLFIHSP1709077600" id="PLFIHSP1709077600" type="Access" cloneOnly="false" size="" path="/Security/Access Permissions/Groups" pathAlias="/Security/Access Permissions/Groups" modifiedBy="zhiyi.zhu@todayclouds.com" lastUpdated="1522831121000" description=""/>
  <resource name="PLBWHRS1712072500" id="PLBWHRS1712072500" type="Access" cloneOnly="false" size="" path="/Security/Access Permissions/Groups" pathAlias="/Security/Access Permissions/Groups" modifiedBy="zhiyi.zhu@todayclouds.com" lastUpdated="1522831121000" description=""/>
  <resource name="PR000043" id="PR000043" type="Access" cloneOnly="false" size="" path="/Security/Access Permissions/Groups" pathAlias="/Security/Access Permissions/Groups" modifiedBy="zhiyi.zhu@todayclouds.com" lastUpdated="1522831121000" description=""/>
  <resource name="3_AUDIT_PM" id="3_AUDIT_PM" type="Access" cloneOnly="false" size="" path="/Security/Access Permissions/Groups" pathAlias="/Security/Access Permissions/Groups" modifiedBy="zhiyi.zhu@todayclouds.com" lastUpdated="1522831121000" description=""/>
  <resource name="WIACHSP1711077900" id="WIACHSP1711077900" type="Access" cloneOnly="false" size="" path="/Security/Access Permissions/Groups" pathAlias="/Security/Access Permissions/Groups" modifiedBy="zhiyi.zhu@todayclouds.com" lastUpdated="1522831121000" description=""/>
  <resource name="PR000013" id="PR000013" type="Access" cloneOnly="false" size="" path="/Security/Access Permissions/Groups" pathAlias="/Security/Access Permissions/Groups" modifiedBy="zhiyi.zhu@todayclouds.com" lastUpdated="1522831121000" description=""/>
  <resource name="PR000076" id="PR000076" type="Access" cloneOnly="false" size="" path="/Security/Access Permissions/Groups" pathAlias="/Security/Access Permissions/Groups" modifiedBy="zhiyi.zhu@todayclouds.com" lastUpdated="1522831121000" description=""/>
  <resource name="3_BOSS" id="3_BOSS" type="Access" cloneOnly="false" size="" path="/Security/Access Permissions/Groups" pathAlias="/Security/Access Permissions/Groups" modifiedBy="zhiyi.zhu@todayclouds.com" lastUpdated="1522831121000" description=""/>
  <resource name="PR000082" id="PR000082" type="Access" cloneOnly="false" size="" path="/Security/Access Permissions/Groups" pathAlias="/Security/Access Permissions/Groups" modifiedBy="zhiyi.zhu@todayclouds.com" lastUpdated="1522831121000" description=""/>
  <resource name="PR000020" id="PR000020" type="Access" cloneOnly="false" size="" path="/Security/Access Permissions/Groups" pathAlias="/Security/Access Permissions/Groups" modifiedBy="zhiyi.zhu@todayclouds.com" lastUpdated="1522831121000" description=""/>
  <resource name="PR000031" id="PR000031" type="Access" cloneOnly="false" size="" path="/Security/Access Permissions/Groups" pathAlias="/Security/Access Permissions/Groups" modifiedBy="zhiyi.zhu@todayclouds.com" lastUpdated="1522831121000" description=""/>
  <resource name="1_AC_Approve" id="1_AC_Approve" type="Access" cloneOnly="false" size="" path="/Security/Access Permissions/Groups" pathAlias="/Security/Access Permissions/Groups" modifiedBy="zhiyi.zhu@todayclouds.com" lastUpdated="1522831121000" description=""/>
  <resource name="PR000003" id="PR000003" type="Access" cloneOnly="false" size="" path="/Security/Access Permissions/Groups" pathAlias="/Security/Access Permissions/Groups" modifiedBy="zhiyi.zhu@todayclouds.com" lastUpdated="1522831121000" description=""/>
  <resource name="PR000025" id="PR000025" type="Access" cloneOnly="false" size="" path="/Security/Access Permissions/Groups" pathAlias="/Security/Access Permissions/Groups" modifiedBy="zhiyi.zhu@todayclouds.com" lastUpdated="1522831121000" description=""/>
  <resource name="PR000060" id="PR000060" type="Access" cloneOnly="false" size="" path="/Security/Access Permissions/Groups" pathAlias="/Security/Access Permissions/Groups" modifiedBy="zhiyi.zhu@todayclouds.com" lastUpdated="1522831121000" description=""/>
  <resource name="WIPEPHR1801076901" id="WIPEPHR1801076901" type="Access" cloneOnly="false" size="" path="/Security/Access Permissions/Groups" pathAlias="/Security/Access Permissions/Groups" modifiedBy="zhiyi.zhu@todayclouds.com" lastUpdated="1522831121000" description=""/>
  <resource name="MSYLHRS1803080300" id="MSYLHRS1803080300" type="Access" cloneOnly="false" size="" path="/Security/Access Permissions/Groups" pathAlias="/Security/Access Permissions/Groups" modifiedBy="zhiyi.zhu@todayclouds.com" lastUpdated="1522831121000" description=""/>
  <resource name="PR000038" id="PR000038" type="Access" cloneOnly="false" size="" path="/Security/Access Permissions/Groups" pathAlias="/Security/Access Permissions/Groups" modifiedBy="zhiyi.zhu@todayclouds.com" lastUpdated="1522831121000" description=""/>
  <resource name="PR000049" id="PR000049" type="Access" cloneOnly="false" size="" path="/Security/Access Permissions/Groups" pathAlias="/Security/Access Permissions/Groups" modifiedBy="zhiyi.zhu@todayclouds.com" lastUpdated="1522831121000" description=""/>
  <resource name="PLBDHMM1709081800" id="PLBDHMM1709081800" type="Access" cloneOnly="false" size="" path="/Security/Access Permissions/Groups" pathAlias="/Security/Access Permissions/Groups" modifiedBy="zhiyi.zhu@todayclouds.com" lastUpdated="1522831121000" description=""/>
  <resource name="WIDMHCD1804087200" id="WIDMHCD1804087200" type="Access" cloneOnly="false" size="" path="/Security/Access Permissions/Groups" pathAlias="/Security/Access Permissions/Groups" modifiedBy="zhiyi.zhu@todayclouds.com" lastUpdated="1524388785000" description=""/>
  <resource name="MCPGHSP1406024300" id="MCPGHSP1406024300" type="Access" cloneOnly="false" size="" path="/Security/Access Permissions/Groups" pathAlias="/Security/Access Permissions/Groups" modifiedBy="manhua.ying@hand-china.com" lastUpdated="1531720778000" description=""/>
  <resource name="WIDMHRS1804094700" id="WIDMHRS1804094700" type="Access" cloneOnly="false" size="" path="/Security/Access Permissions/Groups" pathAlias="/Security/Access Permissions/Groups" modifiedBy="zhiyi.zhu@todayclouds.com" lastUpdated="1527142845000" description=""/>
  <resource name="MSGXYCD1804094800" id="MSGXYCD1804094800" type="Access" cloneOnly="false" size="" path="/Security/Access Permissions/Groups" pathAlias="/Security/Access Permissions/Groups" modifiedBy="zhiyi.zhu@todayclouds.com" lastUpdated="1527142845000" description=""/>
  <resource name="WIDMHCD1804095300" id="WIDMHCD1804095300" type="Access" cloneOnly="false" size="" path="/Security/Access Permissions/Groups" pathAlias="/Security/Access Permissions/Groups" modifiedBy="zhiyi.zhu@todayclouds.com" lastUpdated="1524905769000" description=""/>
  <resource name="WIMRHSP1804073100" id="WIMRHSP1804073100" type="Access" cloneOnly="false" size="" path="/Security/Access Permissions/Groups" pathAlias="/Security/Access Permissions/Groups" modifiedBy="manhua.ying@hand-china.com" lastUpdated="1531720778000" description=""/>
  <resource name="MSPGHST1807106407" id="MSPGHST1807106407" type="Access" cloneOnly="false" size="" path="/Security/Access Permissions/Groups" pathAlias="/Security/Access Permissions/Groups" modifiedBy="manhua.ying@hand-china.com" lastUpdated="1531720778000" description=""/>
  <resource name="WIDMHSP1805109200" id="WIDMHSP1805109200" type="Access" cloneOnly="false" size="" path="/Security/Access Permissions/Groups" pathAlias="/Security/Access Permissions/Groups" modifiedBy="manhua.ying@hand-china.com" lastUpdated="1531720778000" description=""/>
  <resource name="20180710" id="20180710" type="Access" cloneOnly="false" size="" path="/Security/Access Permissions/Groups" pathAlias="/Security/Access Permissions/Groups" modifiedBy="zhiyi.zhu@todayclouds.com" lastUpdated="1531291643000" description=""/>
  <resource name="PLBWHSP1807138900" id="PLBWHSP1807138900" type="Access" cloneOnly="false" size="" path="/Security/Access Permissions/Groups" pathAlias="/Security/Access Permissions/Groups" modifiedBy="manhua.ying@hand-china.com" lastUpdated="1531720779000" description=""/>
  <resource name="PLBWHSP1807135500" id="PLBWHSP1807135500" type="Access" cloneOnly="false" size="" path="/Security/Access Permissions/Groups" pathAlias="/Security/Access Permissions/Groups" modifiedBy="manhua.ying@hand-china.com" lastUpdated="1531720779000" description=""/>
  <resource name="WIUNLSP1805081800" id="WIUNLSP1805081800" type="Access" cloneOnly="false" size="" path="/Security/Access Permissions/Groups" pathAlias="/Security/Access Permissions/Groups" modifiedBy="manhua.ying@hand-china.com" lastUpdated="1531796180000" description=""/>
  <resource name="MSMWHSP1808152800" id="MSMWHSP1808152800" type="Access" cloneOnly="false" size="" path="/Security/Access Permissions/Groups" pathAlias="/Security/Access Permissions/Groups" modifiedBy="manhua.ying@hand-china.com" lastUpdated="1532589700000" description=""/>
  <resource name="PLBDHPR1807161100" id="PLBDHPR1807161100" type="Access" cloneOnly="false" size="" path="/Security/Access Permissions/Groups" pathAlias="/Security/Access Permissions/Groups" modifiedBy="manhua.ying@hand-china.com" lastUpdated="1532589699000" description=""/>
  <resource name="HVHEHSP1807153400" id="HVHEHSP1807153400" type="Access" cloneOnly="false" size="" path="/Security/Access Permissions/Groups" pathAlias="/Security/Access Permissions/Groups" modifiedBy="manhua.ying@hand-china.com" lastUpdated="1532589699000" description=""/>
  <resource name="WIUNLSE1806153200" id="WIUNLSE1806153200" type="Access" cloneOnly="false" size="" path="/Security/Access Permissions/Groups" pathAlias="/Security/Access Permissions/Groups" modifiedBy="manhua.ying@hand-china.com" lastUpdated="1532589700000" description=""/>
  <resource name="MSMJHRS1808162100" id="MSMJHRS1808162100" type="Access" cloneOnly="false" size="" path="/Security/Access Permissions/Groups" pathAlias="/Security/Access Permissions/Groups" modifiedBy="manhua.ying@hand-china.com" lastUpdated="1532589700000" description=""/>
  <resource name="WIUNLSP1807151600" id="WIUNLSP1807151600" type="Access" cloneOnly="false" size="" path="/Security/Access Permissions/Groups" pathAlias="/Security/Access Permissions/Groups" modifiedBy="mark.he@mecoolchina.cn" lastUpdated="1532683700000" description=""/>
  <resource name="PRJTEST20180730" id="PRJTEST20180730" type="Access" cloneOnly="false" size="" path="/Security/Access Permissions/Groups" pathAlias="/Security/Access Permissions/Groups" modifiedBy="manhua.ying@hand-china.com" lastUpdated="1532589700000" description=""/>
  <folder name="Security" type="Folder" size="" id="" path="/Security" pathAlias="" modifiedBy="" lastUpdated="" description=""/>
  <folder name="Access Permissions" type="Folder" size="" id="" path="/Security/Access Permissions" pathAlias="/Security/Access Permissions" modifiedBy="" lastUpdated="" description=""/>
  <folder name="Groups" type="Folder" size="" id="" path="/Security/Access Permissions/Groups" pathAlias="/Security/Access Permissions/Groups" modifiedBy="" lastUpdated="" description=""/>
</artifactListing>
