<?xml version="1.0" encoding="utf-8"?><artifactListing><resource name="Users" id="Users.csv" type="ExtUsers" cloneOnly="false" size="" path="/External Directory" pathAlias="/External Directory" modifiedBy="" lastUpdated="" description="" /><resource name="planning-test Power User" id="planning-test Power User.csv" type="ExtGroups" cloneOnly="false" size="" path="/External Directory/Roles" pathAlias="/External Directory/Roles" modifiedBy="" lastUpdated="" description="" /><resource name="planning-test User" id="planning-test User.csv" type="ExtGroups" cloneOnly="false" size="" path="/External Directory/Roles" pathAlias="/External Directory/Roles" modifiedBy="" lastUpdated="" description="" /><resource name="planning-test Viewer" id="planning-test Viewer.csv" type="ExtGroups" cloneOnly="false" size="" path="/External Directory/Roles" pathAlias="/External Directory/Roles" modifiedBy="" lastUpdated="" description="" /><resource name="planning-test Planner" id="planning-test Planner.csv" type="ExtGroups" cloneOnly="false" size="" path="/External Directory/Roles" pathAlias="/External Directory/Roles" modifiedBy="" lastUpdated="" description="" /><resource name="planning-test Service Administrator" id="planning-test Service Administrator.csv" type="ExtGroups" cloneOnly="false" size="" path="/External Directory/Roles" pathAlias="/External Directory/Roles" modifiedBy="" lastUpdated="" description="" /><resource name="Groups" id="Groups.csv" type="Groups" cloneOnly="false" size="" path="/Native Directory" pathAlias="/Native Directory" modifiedBy="mark.he@mecoolchina.cn" lastUpdated="1532683445000" description="" /><resource name="Shared Services" id="Shared Services.csv" type="Assigned Roles" cloneOnly="false" size="" path="/Native Directory/Assigned Roles/Foundation" pathAlias="/Native Directory/Assigned Roles/Foundation" modifiedBy="Shared Services System" lastUpdated="1532880435000" description="" /><resource name="Document Repository" id="Document Repository.csv" type="Assigned Roles" cloneOnly="false" size="" path="/Native Directory/Assigned Roles/Default Application Group" pathAlias="/Native Directory/Assigned Roles/Default Application Group" modifiedBy="Shared Services System" lastUpdated="1532880435000" description="" /><resource name="Plus" id="Plus.csv" type="Assigned Roles" cloneOnly="false" size="" path="/Native Directory/Assigned Roles/Default Application Group" pathAlias="/Native Directory/Assigned Roles/Default Application Group" modifiedBy="Shared Services System" lastUpdated="1532880435000" description="" /><resource name="FDM Enterprise Edition" id="FDM Enterprise Edition.csv" type="Assigned Roles" cloneOnly="false" size="" path="/Native Directory/Assigned Roles/FDM" pathAlias="/Native Directory/Assigned Roles/FDM" modifiedBy="Shared Services System" lastUpdated="1532880435000" description="" /><folder name="Native Directory" type="Folder" size="" id="Native Directory" path="/Native Directory" pathAlias="/Native Directory" modifiedBy="" lastUpdated="" description="" /><folder name="Assigned Roles" type="Folder" size="" id="Assigned Roles" path="/Native Directory/Assigned Roles" pathAlias="/Native Directory/Assigned Roles" modifiedBy="Shared Services System" lastUpdated="1532880435000" description="" /><folder name="Foundation" type="Folder" size="" id="Foundation" path="/Native Directory/Assigned Roles/Foundation" pathAlias="/Native Directory/Assigned Roles/Foundation" modifiedBy="Shared Services System" lastUpdated="1532880435000" description="" /><folder name="Default Application Group" type="Folder" size="" id="Default Application Group" path="/Native Directory/Assigned Roles/Default Application Group" pathAlias="/Native Directory/Assigned Roles/Default Application Group" modifiedBy="Shared Services System" lastUpdated="1532880435000" description="" /><folder name="FDM" type="Folder" size="" id="FDM" path="/Native Directory/Assigned Roles/FDM" pathAlias="/Native Directory/Assigned Roles/FDM" modifiedBy="Shared Services System" lastUpdated="1532880435000" description="" /><folder name="External Directory" type="Folder" size="" id="External Directory" path="/External Directory" pathAlias="/External Directory" modifiedBy="" lastUpdated="" description="" /><folder name="Roles" type="Folder" size="" id="Roles" path="/External Directory/Roles" pathAlias="/External Directory/Roles" modifiedBy="" lastUpdated="" description="" /></artifactListing>