#user
First Name,Last Name,Email,User Login
Chongguang,Zhao,chongguang.zhao@todayclouds.com,chongguang.zhao@todayclouds.com
Henry,Jiang,henry.jiang@oracle.com,henry.jiang@oracle.com
Ivan,Wang,yifeng.wang@oracle.com,yifeng.wang@oracle.com
Jack,Woo,fang.wu@todayclouds.com,FJackWoo
Jeffrey,guo,Jeffrey.guo@winningidea.com.cn,Jeffrey.guo@winningidea.com.cn
Kai,Zhang,kai.zhang@todayclouds.com,zhangkai
Kelly,wang,Kelly.wang@mecoolchina.cn,Kelly.wang@mecoolchina.cn
Lingling,Han,pm_hanlingling@sina.com,pm_hanlingling@sina.com
Mark,He,mark.he@mecoolchina.cn,mark.he@mecoolchina.cn
Na,Li,ac_lina@sina.com,ac_lina@sina.com
Ni,Liu,pm_liuni@sina.com,pm_liuni@sina.com
Ning,Li,ning.x.li@oracle.com,ning.x.li@oracle.com
Tim,Zhu,zzy3712@126.com,tim
Tingting,Liu,sj_tingting@sina.com,sj_tingting@sina.com
U1,Plus,plusu1@126.com,plusu1
U2,Plus,plusu2@126.com,plusu2
U3,Plus,plusu3@126.com,plusu3
Ying,Wang,ac_wangying@sina.com,ac_wangying@sina.com
Zhiyi,Zhu,zhiyi.zhu@todayclouds.com,zhiyi.zhu@todayclouds.com
a45HSGJ6,a45HSGJ6,a45HSGJ6@c9sftporacle.com,a45HSGJ6
a499XNCZ,a499XNCZ,a499XNCZ@c9sftporacle.com,a499XNCZ
a4E7D7QA,a4E7D7QA,a4E7D7QA@c9sftporacle.com,a4E7D7QA
a4EUGGCG,a4EUGGCG,a4EUGGCG@c9sftporacle.com,a4EUGGCG
a4MCMN6M,a4MCMN6M,a4MCMN6M@c9sftporacle.com,a4MCMN6M
a4PV7BQJ,a4PV7BQJ,a4PV7BQJ@c9sftporacle.com,a4PV7BQJ
a4QCXDFD,a4QCXDFD,a4QCXDFD@c9sftporacle.com,a4QCXDFD
a4XVGLNG,a4XVGLNG,a4XVGLNG@c9sftporacle.com,a4XVGLNG
admin,admin,pbcs@mecoolchina.cn,pbcs@mecoolchina.cn
akira,su,akira.su@harvestchina.cn,akira.su@harvestchina.cn
alice,chen,alice.chen@mecoolchina.cn,alice.chen@mecoolchina.cn
alin,zhang,alin.zhang@mecoolchina.cn,alin.zhang@mecoolchina.cn
ann,huang,ann.huang@harvestchina.cn,ann.huang@harvestchina.cn
ann,huang,ann.huang@mecoolchina.cn,ann.huang@mecoolchina.cn
anton,xie,anton.xie@winningidea.com.cn,anton.xie@winningidea.com.cn
baoying,xie,baoying.xie@mecoolchina.cn,baoying.xie@mecoolchina.cn
bei,jiang,bei.jiang@mecoolchina.cn,bei.jiang@mecoolchina.cn
beiyi,lu,beiyi.lu@mecoolchina.cn,beiyi.lu@mecoolchina.cn
benson,hu,benson.hu@mecoolchina.cn,benson.hu@mecoolchina.cn
bin,gu,bin.gu@mecoolchina.cn,bin.gu@mecoolchina.cn
bin,xia,bin.xia@mecoolchina.cn,bin.xia@mecoolchina.cn
borui,chen,borui.chen@harvestchina.cn,borui.chen@harvestchina.cn
candy,cao,candy.cao@mecoolchina.cn,candy.cao@mecoolchina.cn
candy,zheng,candy.zheng@winningidea.com.cn,candy.zheng@winningidea.com.cn
cathy,chen,cathy.chen@mecoolchina.cn,cathy.chen@mecoolchina.cn
celia,shao,celia.shao@harvestchina.cn,celia.shao@harvestchina.cn
changrui,ma,changrui.ma@mecoolchina.cn,changrui.ma@mecoolchina.cn
chen,zhao,chen.zhao@winningidea.com.cn,chen.zhao@winningidea.com.cn
chenjuan,ni,chenjuan.ni@harvestchina.cn,chenjuan.ni@harvestchina.cn
chenyi,yan,chenyi.yan@harvestchina.cn,chenyi.yan@harvestchina.cn
christina,shen,christina.shen@harvestchina.cn,christina.shen@harvestchina.cn
chunyao,wu,chunyao.wu@mecoolchina.cn,chunyao.wu@mecoolchina.cn
colin,zhong,colin.zhong@mecoolchina.cn,colin.zhong@mecoolchina.cn
cookie,yang,cookie.yang@mecoolchina.cn,cookie.yang@mecoolchina.cn
dan,he,dan.he@mecoolchina.cn,dan.he@mecoolchina.cn
dan,zhao,dan.zhao@mecoolchina.cn,dan.zhao@mecoolchina.cn
dongxue,wang,dongxue.wang@mecoolchina.cn,dongxue.wang@mecoolchina.cn
ean,chen,ean.chen@mecoolchina.cn,ean.chen@mecoolchina.cn
eason,liu,eason.liu@mecoolchina.com,eason.liu@mecoolchina.com
elaine,hong,elaine.hong@mecoolchina.cn,elaine.hong@mecoolchina.cn
eva,liang,eva.liang@winningidea.com.cn,eva.liang@winningidea.com.cn
fangfang,ou,fangfang.ou@mecoolchina.cn,fangfang.ou@mecoolchina.cn
fei,chen,fei.chen@mecoolchina.cn,fei.chen@mecoolchina.cn
fei,ma1,fei.ma1@mecoolchina.cn,fei.ma1@mecoolchina.cn
fei,xia,fei.xia@mecoolchina.cn,fei.xia@mecoolchina.cn
fengyan,xu,fengyan.xu@mecoolchina.cn,fengyan.xu@mecoolchina.cn
gordon,kuang,gordon.kuang@mecoolchina.cn,gordon.kuang@mecoolchina.cn
grace,sun,grace.sun@winningidea.com.cn,grace.sun@winningidea.com.cn
guangsi,he,guangsi.he@mecoolchina.cn,guangsi.he@mecoolchina.cn
guangwei,hu,guangwei.hu@winningidea.com.cn,guangwei.hu@winningidea.com.cn
haddy,lee,haddy.lee@mecoolchina.cn,haddy.lee@mecoolchina.cn
haijuan,lu,haijuan.lu@mecoolchina.cn,haijuan.lu@mecoolchina.cn
haijuan,ma,haijuan.ma@mecoolchina.cn,haijuan.ma@mecoolchina.cn
hailong,li,hailong.li@mecoolchina.cn,hailong.li@mecoolchina.cn
haoran,shi,haoran.shi@hand-china.com,haoran.shi@hand-china.com
haoru,zhou,haoru.zhou@mecoolchina.cn,haoru.zhou@mecoolchina.cn
haoyang,li,haoyang.li@mecoolchina.cn,haoyang.li@mecoolchina.cn
hengfen,wu,hengfen.wu@mecoolchina.cn,hengfen.wu@mecoolchina.cn
hongyan,jiang,hongyan.jiang@mecoolchina.cn,hongyan.jiang@mecoolchina.cn
hongyang,yu,hongyang.yu@mecoolchina.cn,hongyang.yu@mecoolchina.cn
huajie,xie,huajie.xie@mecoolchina.cn,huajie.xie@mecoolchina.cn
huan,yu,huan.yu@mecoolchina.cn,huan.yu@mecoolchina.cn
huayong,sheng,huayong.sheng@mecoolchina.cn,huayong.sheng@mecoolchina.cn
hui,cheng,hui.cheng@mecoolchina.cn,hui.cheng@mecoolchina.cn
huilin,liang,huilin.liang@nuoshengmkt.com,huilin.liang@nuoshengmkt.com
huiling,shen1,huiling.shen1@harvestchina.cn,huiling.shen1@harvestchina.cn
huixia,chen,huixia.chen@mecoolchina.cn,huixia.chen@mecoolchina.cn
ivan,shuai,ivan.shuai@mecoolchina.cn,ivan.shuai@mecoolchina.cn
ives,cao,ives.cao@mecoolchina.cn,ives.cao@mecoolchina.cn
ivy,xu,ivy.xu@mecoolchina.cn,ivy.xu@mecoolchina.cn
jack,xu,jack.xu@mecoolchina.cn,jack.xu@mecoolchina.cn
jaile,xu,jaile.xu@mecoolchina.cn,jaile.xu@mecoolchina.cn
james,sheng,james.sheng@mecoolchina.cn,james.sheng@mecoolchina.cn
jan,yang,jan.yang@mecoolchina.cn,jan.yang@mecoolchina.cn
jasmine,fan,jasmine.fan@winningidea.com.cn,jasmine.fan@winningidea.com.cn
jessica,li,jessica.li@mecoolchina.cn,jessica.li@mecoolchina.cn
jia,liu,jia.liu3@mecoolchina.cn,jia.liu3@mecoolchina.cn
jia,yao,jia.yao@winningidea.com.cn,jia.yao@winningidea.com.cn
jia,zhu1,jia.zhu1@mecoolchina.cn,jia.zhu1@mecoolchina.cn
jiahong,shu,jiahong.shu@winningidea.com.cn,jiahong.shu@winningidea.com.cn
jiahui,ding,jiahui.ding@mecoolchina.cn,jiahui.ding@mecoolchina.cn
jiajian,he,jiajian.he@mecoolchina.cn,jiajian.he@mecoolchina.cn
jian,tang,jian.tang@mecoolchina.cn,jian.tang@mecoolchina.cn
jiang,li2,jiang.li2@mecoolchina.cn,jiang.li2@mecoolchina.cn
jiangwei,guo,jiangwei.guo@mecoolchina.cn,jiangwei.guo@mecoolchina.cn
jiawen,ke,jiawen.ke@mecoolchina.cn,jiawen.ke@mecoolchina.cn
jiaxi,wang,jiaxi.wang@mecoolchina.cn,jiaxi.wang@mecoolchina.cn
jie,gu,jie.gu1@mecoolchina.cn,jie.gu1@mecoolchina.cn
jiemiao,lin,jiemiao.lin@mecoolchina.cn,jiemiao.lin@mecoolchina.cn
jieqiong,zhang,jieqiong.zhang@winningidea.com.cn,jieqiong.zhang@winningidea.com.cn
jin,xu1,jin.xu1@mecoolchina.cn,jin.xu1@mecoolchina.cn
jinfeng,liang,jinfeng.liang@mecoolchina.cn,jinfeng.liang@mecoolchina.cn
jing,wu,jing.wu@mecoolchina.cn,jing.wu@mecoolchina.cn
jingfu,zhang,jingfu.zhang@mecoolchina.cn,jingfu.zhang@mecoolchina.cn
jingjing,gao2,jingjing.gao2@mecoolchina.cn,jingjing.gao2@mecoolchina.cn
jingjing,ni,jingjing.ni@mecoolchina.cn,jingjing.ni@mecoolchina.cn
jingwen,su,jingwen.su@mecoolchina.cn,jingwen.su@mecoolchina.cn
jingyi,lan,jingyi.lan@mecoolchina.cn,jingyi.lan@mecoolchina.cn
jingyue,zhang,jingyue.zhang@mecoolchina.cn,jingyue.zhang@mecoolchina.cn
jinyu,huang,jinyu.huang@winningidea.com.cn,jinyu.huang@winningidea.com.cn
julia,zhu,julia.zhu@mecoolchina.cn,julia.zhu@mecoolchina.cn
jun,hu,jun.hu@mecoolchina.cn,jun.hu@mecoolchina.cn
jun,jiang,jun.jiang@winningidea.com.cn,jun.jiang@winningidea.com.cn
junea,shen,junea.shen@mecoolchina.cn,junea.shen@mecoolchina.cn
junwen,dai,junwen.dai@mecoolchina.cn,junwen.dai@mecoolchina.cn
kelly,liu,kelly.liu@mecoolchina.cn,kelly.liu@mecoolchina.cn
kina,lou,kina.lou@winningidea.com.cn,kina.lou@winningidea.com.cn
landy,ma,landy.ma@mecoolchina.cn,landy.ma@mecoolchina.cn
lanfang,liu,lanfang.liu@mecoolchina.cn,lanfang.liu@mecoolchina.cn
lei,xu2,lei.xu2@mecoolchina.cn,lei.xu2@mecoolchina.cn
leiqiu,ren,leiqiu.ren@winningidea.com.cn,leiqiu.ren@winningidea.com.cn
leo,liu,leo.liu@mecoolchina.cn,leo.liu@mecoolchina.cn
li,li,li.li@mecoolchina.cn,li.li@mecoolchina.cn
li,lin,li.lin@mecoolchina.cn,li.lin@mecoolchina.cn
li,zhang2,li.zhang2@mecoolchina.cn,li.zhang2@mecoolchina.cn
lihui,xia,lihui.xia@mecoolchina.cn,lihui.xia@mecoolchina.cn
lijie,liao,lijie.liao@mecoolchina.cn,lijie.liao@mecoolchina.cn
lin,lin,lin.lin@winningidea.com.cn,lin.lin@winningidea.com.cn
ling,han,ling.han@mecoolchina.cn,ling.han@mecoolchina.cn
lingling,han,lingling.han@mecoolchina.cn,lingling.han@mecoolchina.cn
lingyun,zhang,lingyun.zhang@mecoolchina.cn,lingyun.zhang@mecoolchina.cn
lisa,li,lisa.li@harvestchina.cn,lisa.li@harvestchina.cn
lisa,qin,lisa.qin@mecoolchina.cn,lisa.qin@mecoolchina.cn
liying,zheng,liying.zheng@mecoolchina.cn,liying.zheng@mecoolchina.cn
lu,chen,lu.chen@mecoolchina.cn,lu.chen@mecoolchina.cn
lu,yu,lu.yu@mecoolchina.cn,lu.yu@mecoolchina.cn
lucy,zhang,lucy.zhang@mecoolchina.cn,lucy.zhang@mecoolchina.cn
manhua,ying,manhua.ying@hand-china.com,manhua.ying@hand-china.com
may,chen,may.chen@mecoolchina.cn,may.chen@mecoolchina.cn
megan,liu,megan.liu@mecoolchina.cn,megan.liu@mecoolchina.cn
meggie,han,meggie.han@mecoolchina.cn,meggie.han@mecoolchina.cn
mei,li3,mei.li3@mecoolchina.cn,mei.li3@mecoolchina.cn
meifang,jin,meifang.jin@mecoolchina.cn,meifang.jin@mecoolchina.cn
meilin,yan,meilin.yan@mecoolchina.cn,meilin.yan@mecoolchina.cn
meiting,lu,meiting.lu@mecoolchina.cn,meiting.lu@mecoolchina.cn
miaojia,chen,miaojia.chen@mecoolchina.cn,miaojia.chen@mecoolchina.cn
michael,wei,michael.wei@mecoolchina.cn,michael.wei@mecoolchina.cn
mickey,zhou,mickey.zhou@mecoolchina.cn,mickey.zhou@mecoolchina.cn
min,nie,min.nie@winningidea.com.cn,min.nie@winningidea.com.cn
min,xia,min.xia@mecoolchina.cn,min.xia@mecoolchina.cn
ming,chen,ming.chen@mecoolchina.cn,ming.chen@mecoolchina.cn
mingming,zhao,mingming.zhao@mecoolchina.cn,mingming.zhao@mecoolchina.cn
minting,liao,minting.liao@mecoolchina.cn,minting.liao@mecoolchina.cn
minwen,fei,minwen.fei@mecoolchina.cn,minwen.fei@mecoolchina.cn
miya,dai,miya.dai@mecoolchina.cn,miya.dai@mecoolchina.cn
miya,zhang,miya.zhang@mecoolchina.cn,miya.zhang@mecoolchina.cn
na,li,na.li@mecoolchina.cn,na.li@mecoolchina.cn
ni,liu,ni.liu@mecoolchina.cn,ni.liu@mecoolchina.cn
ni,sun,ni.sun@winningidea.com.cn,ni.sun@winningidea.com.cn
nijuan,cai,nijuan.cai@mecoolchina.cn,nijuan.cai@mecoolchina.cn
owen,hong,owen.hong@mecoolchina.cn,owen.hong@mecoolchina.cn
paul,wang,paul.wang@harvestchina.cn,paul.wang@harvestchina.cn
peng,li,peng.li@mecoolchina.cn,peng.li@mecoolchina.cn
phoebe,wang,phoebe.wang@mecoolchina.cn,phoebe.wang@mecoolchina.cn
qing,liu,qing.liu@mecoolchina.cn,qing.liu@mecoolchina.cn
qing,liu,qing.liu@winningidea.com.cn,qing.liu@winningidea.com.cn
qingqing,liu,qingqing.liu@mecoolchina.cn,qingqing.liu@mecoolchina.cn
qingyun,ye,qingyun.ye@mecoolchina.cn,qingyun.ye@mecoolchina.cn
qirong,zhang,qirong.zhang@nuoshengmkt.com,qirong.zhang@nuoshengmkt.com
rong,zhou1,rong.zhou1@nuoshengmkt.com,rong.zhou1@nuoshengmkt.com
rongxian,li,rongxian.li@mecoolchina.cn,rongxian.li@mecoolchina.cn
rui,fang,rui.fang@mecoolchina.cn,rui.fang@mecoolchina.cn
ruijun,tao,ruijun.tao@mecoolchina.cn,ruijun.tao@mecoolchina.cn
sally,zhao,sally.zhao@harvestchina.cn,sally.zhao@harvestchina.cn
sammi,wu,sammi.wu@mecoolchina.cn,sammi.wu@mecoolchina.cn
shan,huang,shan.huang@mecoolchina.cn,shan.huang@mecoolchina.cn
shangshang,zhang,shangshang.zhang@harvestchina.cn,shangshang.zhang@harvestchina.cn
shaoji,liu,shaoji.liu@winningidea.com.cn,shaoji.liu@winningidea.com.cn
shaoling,chen,shaoling.chen@mecoolchina.cn,shaoling.chen@mecoolchina.cn
shimeng,zhao,shimeng.zhao@mecoolchina.cn,shimeng.zhao@mecoolchina.cn
shiqi,li,shiqi.li@winningidea.com.cn,shiqi.li@winningidea.com.cn
shuling,chen,shuling.chen@mecoolchina.cn,shuling.chen@mecoolchina.cn
shungang,sun,shungang.sun@mecoolchina.cn,shungang.sun@mecoolchina.cn
si,shi,si.shi@winningidea.com.cn,si.shi@winningidea.com.cn
sijie,xu,sijie.xu@mecoolchina.cn,sijie.xu@mecoolchina.cn
sijie,xu,sijie.xu@winningidea.com.cn,sijie.xu@winningidea.com.cn
sufei,hui,sufei.hui@mecoolchina.cn,sufei.hui@mecoolchina.cn
summer,wang,summer.wang@mecoolchina.cn,summer.wang@mecoolchina.cn
sunny,zhou,sunny.zhou@winningidea.com.cn,sunny.zhou@winningidea.com.cn
suping,zhang,suping.zhang@mecoolchina.cn,suping.zhang@mecoolchina.cn
tao,zhang,tao.zhang@mecoolchina.cn,tao.zhang@mecoolchina.cn
tongxin,tan,tongxin.tan@winningidea.com.cn,tongxin.tan@winningidea.com.cn
toni,zheng,toni.zheng@mecoolchina.cn,toni.zheng@mecoolchina.cn
vicky,chen,vicky.chen@winningidea.com.cn,vicky.chen@winningidea.com.cn
vivian,zhu,vivian.zhu@mecoolchina.cn,vivian.zhu@mecoolchina.cn
wanli,chen,wanli.chen@winningidea.com.cn,wanli.chen@winningidea.com.cn
wanqiong,mai,wanqiong.mai@mecoolchina.cn,wanqiong.mai@mecoolchina.cn
wei,zhang5,wei.zhang5@mecoolchina.cn,wei.zhang5@mecoolchina.cn
weicheng,yang,weicheng.yang@nuoshengmkt.com,weicheng.yang@nuoshengmkt.com
wen,chen,wen.chen@winningidea.com.cn,wen.chen@winningidea.com.cn
wen,wen,wen.wen@mecoolchina.cn,wen.wen@mecoolchina.cn
wenjing,cai,wenjing.cai2@mecoolchina.cn,wenjing.cai2@mecoolchina.cn
wenjun,xu,wenjun.xu@harvestchina.cn,wenjun.xu@harvestchina.cn
wenling,fan,wenling.fan@mecoolchina.cn,wenling.fan@mecoolchina.cn
wenling,fan,wenling.fan@winningidea.com.cn,wenling.fan@winningidea.com.cn
wenshan,dai,wenshan.dai@mecoolchina.cn,wenshan.dai@mecoolchina.cn
wenxuan,lu,wenxuan.lu@mecoolchina.cn,wenxuan.lu@mecoolchina.cn
xiao,yuan,xiao.yuan@mecoolchina.cn,xiao.yuan@mecoolchina.cn
xiaofen,chen,xiaofen.chen@mecoolchina.cn,xiaofen.chen@mecoolchina.cn
xiaomei,dong,xiaomei.dong@mecoolchina.cn,xiaomei.dong@mecoolchina.cn
xiaoqin,li,xiaoqin.li@winningidea.com.cn,xiaoqin.li@winningidea.com.cn
xiaowei,wu,xiaowei.wu@winningidea.com.cn,xiaowei.wu@winningidea.com.cn
xiaoyan,su,xiaoyan.su@mecoolchina.cn,xiaoyan.su@mecoolchina.cn
xinchao,shan,xinchao.shan@winningidea.com.cn,xinchao.shan@winningidea.com.cn
xinran,li,xinran.li@mecoolchina.cn,xinran.li@mecoolchina.cn
xinxin,hu,xinxin.hu@mecoolchina.cn,xinxin.hu@mecoolchina.cn
xipeng,song,xipeng.song@mecoolchina.cn,xipeng.song@mecoolchina.cn
xiuli,duan,xiuli.duan@mecoolchina.cn,xiuli.duan@mecoolchina.cn
xiya,wang,xiya.wang@mecoolchina.cn,xiya.wang@mecoolchina.cn
xuan,you,xuan.you@mecoolchina.cn,xuan.you@mecoolchina.cn
xue,li4,xue.li4@mecoolchina.cn,xue.li4@mecoolchina.cn
xuepeng,wang,xuepeng.wang@harvestchina.cn,xuepeng.wang@harvestchina.cn
xueyuan,xu,xueyuan.xu@winningidea.com.cn,xueyuan.xu@winningidea.com.cn
ya,chen,ya.chen@mecoolchina.cn,ya.chen@mecoolchina.cn
yali,tang,yali.tang@mecoolchina.cn,yali.tang@mecoolchina.cn
yan,zhang8,yan.zhang8@mecoolchina.cn,yan.zhang8@mecoolchina.cn
yanan,wang,yanan.wang02@hand-china.com,yanan.wang02@hand-china.com
yanan,xu,yanan.xu@harvestchina.cn,yanan.xu@harvestchina.cn
yang,liu,yang.liu@winningidea.com.cn,yang.liu@winningidea.com.cn
yanqing,gu,yanqing.gu@mecoolchina.cn,yanqing.gu@mecoolchina.cn
yanqun,zou,yanqun.zou@mecoolchina.cn,yanqun.zou@mecoolchina.cn
yating,gao,yating.gao@mecoolchina.cn,yating.gao@mecoolchina.cn
yating,liang,yating.liang@mecoolchina.cn,yating.liang@mecoolchina.cn
yating,zhuang,yating.zhuang@mecoolchina.cn,yating.zhuang@mecoolchina.cn
yawen,yuan,yawen.yuan@winningidea.com.cn,yawen.yuan@winningidea.com.cn
ye,qiu,ye.qiu@mecoolchina.cn,ye.qiu@mecoolchina.cn
yi,zhang5,yi.zhang5@mecoolchina.cn,yi.zhang5@mecoolchina.cn
yiming,sheng,yiming.sheng@harvestchina.cn,yiming.sheng@harvestchina.cn
ying,jin,ying.jin@mecoolchina.cn,ying.jin@mecoolchina.cn
ying,wang,ying.wang@winningidea.com.cn,ying.wang@winningidea.com.cn
yinyi,liao,yinyi.liao@mecoolchina.cn,yinyi.liao@mecoolchina.cn
yiwen,weng,yiwen.weng@winningidea.com.cn,yiwen.weng@winningidea.com.cn
yiyin,gan,yiyin.gan@harvestchina.cn,yiyin.gan@harvestchina.cn
yong,ding,yong.ding@mecoolchina.cn,yong.ding@mecoolchina.cn
yoyo,li,yoyo.li@harvestchina.cn,yoyo.li@harvestchina.cn
yuan,liu2,yuan.liu2@mecoolchina.cn,yuan.liu2@mecoolchina.cn
yue,xi,yue.xi@winningidea.com.cn,yue.xi@winningidea.com.cn
yuelan,feng,yuelan.feng@mecoolchina.cn,yuelan.feng@mecoolchina.cn
yufeng,cai,yufeng.cai@mecoolchina.cn,yufeng.cai@mecoolchina.cn
yuhua,guo,yuhua.guo@mecoolchina.cn,yuhua.guo@mecoolchina.cn
yunyuan,wu,yunyuan.wu@mecoolchina.cn,yunyuan.wu@mecoolchina.cn
yuye,li,yuye.li@mecoolchina.cn,yuye.li@mecoolchina.cn
zhengyi,yang,zhengyi.yang@mecoolchina.cn,zhengyi.yang@mecoolchina.cn
zhibin,wang,zhibin.wang@mecoolchina.cn,zhibin.wang@mecoolchina.cn
zhiwen,gao,zhiwen.gao@mecoolchina.cn,zhiwen.gao@mecoolchina.cn
zhongqi,yang,zhongqi.yang@mecoolchina.cn,zhongqi.yang@mecoolchina.cn
兴鼓,蒋,xiang.jiang@mecoolchina.cn,xiang.jiang@mecoolchina.cn



